Date; Amount ;Category;Subcategory;Description
06.01.2013;-600,00р. ;Квартплата;Другое;
06.01.2013;-6 000,00р. ;Авто;Запчасти;
06.01.2013;-800,00р. ;Еда;Магазин;
06.01.2013;-800,00р. ;Еда;Магазин;
06.01.2013;-47 000,00р. ;Путешествие;Путешествие;
07.01.2013;-1 000,00р. ;Авто;Бензин;
09.01.2013;-226,00р. ;Еда;Обед;
09.01.2013;-300,00р. ;Посиделки;Другое;
09.01.2013;-795,00р. ;Еда;Магазин;
10.01.2013;-340,00р. ;Еда;Обед;
11.01.2013;-93,00р. ;Еда;Завтрак;
11.01.2013;-280,00р. ;Еда;Обед;
12.01.2013;-1 302,00р. ;Еда;Магазин;
13.01.2013;-1 000,00р. ;Авто;Бензин;
14.01.2013;-93,00р. ;Еда;Завтрак;
14.01.2013;-300,00р. ;Еда;Обед;
14.01.2013;-30,00р. ;Еда;Магазин;
15.01.2013;-93,00р. ;Еда;Завтрак;
15.01.2013;-245,00р. ;Еда;Обед;
15.01.2013;-30,00р. ;Еда;Магазин;
15.01.2013;-805,00р. ;Еда;Магазин;
16.01.2013;-30,00р. ;Еда;Завтрак;
16.01.2013;-350,00р. ;Еда;Обед;
17.01.2013;-300,00р. ;Еда;Обед;
17.01.2013;-30,00р. ;Еда;Магазин;
18.01.2013;-100,00р. ;Проезд;Такси;
18.01.2013;-250,00р. ;Посиделки;Другое;
18.01.2013;-30,00р. ;Еда;Завтрак;
18.01.2013;-310,00р. ;Еда;Обед;
18.01.2013;-135,00р. ;Проезд;Городской;
19.01.2013;-1 000,00р. ;Авто;Бензин;
20.01.2013;-1 802,00р. ;Еда;Магазин;
20.01.2013;-600,00р. ;Посиделки;Кафе;
21.01.2013;-93,00р. ;Еда;Завтрак;
21.01.2013;-270,00р. ;Еда;Обед;
21.01.2013;-1 000,00р. ;Вещи;Техника;
21.01.2013;-30,00р. ;Еда;Магазин;
22.01.2013;-93,00р. ;Еда;Завтрак;
22.01.2013;-254,00р. ;Еда;Обед;
22.01.2013;-30,00р. ;Еда;Магазин;
23.01.2013;-80,00р. ;Еда;Завтрак;
23.01.2013;-340,00р. ;Еда;Обед;
24.01.2013;-93,00р. ;Еда;Завтрак;
24.01.2013; -173.5 ;Еда;Обед;
24.01.2013;-30,00р. ;Еда;Магазин;
24.01.2013; 37 663,00р. ;Income;Зарплата;
24.01.2013;-1 115,00р. ;Посиделки;Кафе;
24.01.2013;-360,00р. ;Прочее;Прочее;
24.01.2013;-1 000,00р. ;Авто;Бензин;
25.01.2013;-93,00р. ;Еда;Завтрак;
25.01.2013;-22 651,00р. ;Долг;Отдал Долг;
25.01.2013;-300,00р. ;Еда;Обед;
25.01.2013; -1788.55 ;Квартплата;Бабушка;
25.01.2013; -2501.47 ;Квартплата;Бабушка;
28.01.2013;-93,00р. ;Еда;Завтрак;
28.01.2013;-300,00р. ;Еда;Обед;
28.01.2013;-30,00р. ;Еда;Магазин;
28.01.2013;-560,00р. ;Авто;Мойка;
28.01.2013;-1 000,00р. ;Авто;Бензин;
29.01.2013;-143,00р. ;Еда;Завтрак;
29.01.2013;-260,00р. ;Еда;Обед;
30.01.2013;-30,00р. ;Еда;Завтрак;
30.01.2013;-340,00р. ;Еда;Обед;
30.01.2013;-30,00р. ;Еда;Магазин;
31.01.2013;-93,00р. ;Еда;Завтрак;
31.01.2013;-280,00р. ;Еда;Обед;
31.01.2013;-30,00р. ;Еда;Перекус;
31.01.2013;-583,00р. ;Еда;Магазин;
01.02.2013;-93,00р. ;Еда;Завтрак;
01.02.2013;-211,00р. ;Еда;Обед;
01.02.2013;-30,00р. ;Еда;Перекус;
01.02.2013;-1 000,00р. ;Авто;Бензин;
01.02.2013;-7 000,00р. ;Прочее;Прочее;Оля
03.02.2013;-1 920,00р. ;Еда;Магазин;
04.02.2013;-93,00р. ;Еда;Завтрак;
04.02.2013;-235,00р. ;Еда;Обед;
04.02.2013;-30,00р. ;Еда;Перекус;
04.02.2013;-250,00р. ;Еда;Магазин;
05.02.2013;-270,00р. ;Еда;Обед;
05.02.2013;-300,00р. ;Посиделки;Другое;др
06.02.2013;-200,00р. ;Ремонт;Ремонт;ключи
06.02.2013;-350,00р. ;Еда;Обед;
06.02.2013;-796,00р. ;Еда;Магазин;
06.02.2013;-1 037,00р. ;Еда;Магазин;
07.02.2013;-93,00р. ;Еда;Завтрак;
07.02.2013;-398,00р. ;Еда;Обед;
07.02.2013;-30,00р. ;Еда;Перекус;
07.02.2013;-200,00р. ;Сотовый;Мой;
08.02.2013;-93,00р. ;Еда;Завтрак;
08.02.2013;-300,00р. ;Еда;Обед;
08.02.2013; 60 753,00р. ;Income;Зарплата;
08.02.2013;-30,00р. ;Еда;Перекус;
08.02.2013;-202,00р. ;Еда;Магазин;
08.02.2013;-360,00р. ;Еда;Магазин;
08.02.2013; -291.00 ;Еда;Магазин;
09.02.2013;-1 000,00р. ;Авто;Бензин;
09.02.2013;-75,00р. ;Еда;Магазин;
09.02.2013;-740,00р. ;Еда;Обед;
10.02.2013;-5 200,00р. ;Еда;Магазин;
10.02.2013;-1 050,00р. ;Вещи;Одежда;
11.02.2013;-420,00р. ;Еда;Магазин;
12.02.2013;-93,00р. ;Еда;Завтрак;
12.02.2013;-13 000,00р. ;Долг;Отдал Долг;
12.02.2013;-270,00р. ;Еда;Обед;
12.02.2013;-30,00р. ;Еда;Перекус;
12.02.2013;-404,00р. ;Еда;Магазин;
13.02.2013;-80,00р. ;Еда;Завтрак;
13.02.2013;-340,00р. ;Еда;Обед;
13.02.2013;-30,00р. ;Ремонт;Ремонт;
13.02.2013;-30,00р. ;Еда;Перекус;
13.02.2013;-280,00р. ;Еда;Магазин;
13.02.2013;-500,00р. ;Квартплата;Другое;инет
13.02.2013;-800,00р. ;Прочее;Прочее;Оля
14.02.2013;-93,00р. ;Еда;Завтрак;
14.02.2013;-1 597,00р. ;Квартплата;Бабушка;
14.02.2013;-336,00р. ;Еда;Обед;
14.02.2013;-30,00р. ;Еда;Перекус;
14.02.2013;-320,00р. ;Прочее;Прочее;
14.02.2013;-260,00р. ;Еда;Магазин;
14.02.2013;-130,00р. ;Еда;Магазин;
14.02.2013;-350,00р. ;Еда;Магазин;
15.02.2013;-93,00р. ;Еда;Завтрак;
15.02.2013;-270,00р. ;Еда;Обед;
15.02.2013;-100,00р. ;Прочее;Прочее;Оля
15.02.2013;-1 000,00р. ;Авто;Бензин;
15.02.2013;-25 000,00р. ;Путешествие;Путешествие;
15.02.2013;-5 000,00р. ;Прочее;Прочее;Оля
16.02.2013;-170,00р. ;Сотовый;Мой;
17.02.2013;-1 050,00р. ;Еда;Магазин;
17.02.2013;-350,00р. ;Сотовый;Другой;
18.02.2013;-230,00р. ;Еда;Обед;
18.02.2013;-30,00р. ;Еда;Перекус;
19.02.2013;-93,00р. ;Еда;Завтрак;
19.02.2013;-300,00р. ;Еда;Обед;
19.02.2013;-395,00р. ;Еда;Магазин;
20.02.2013;-68,00р. ;Еда;Завтрак;
20.02.2013;-340,00р. ;Еда;Обед;
21.02.2013;-93,00р. ;Еда;Завтрак;
21.02.2013;-203,00р. ;Еда;Обед;
21.02.2013;-30,00р. ;Еда;Перекус;
21.02.2013;-6 000,00р. ;Прочее;Прочее;Оля англ
22.02.2013; 44 020,00р. ;Income;Зарплата;
22.02.2013;-1 000,00р. ;Авто;Бензин;
22.02.2013;-123,00р. ;Еда;Завтрак;
22.02.2013;-600,00р. ;Еда;Обед;
22.02.2013;-10 000,00р. ;Долг;Отдал Долг;
22.02.2013;-16 100,00р. ;Вещи;Техника;
23.02.2013;-14 000,00р. ;Квартплата;Другое;Аренда
24.02.2013;-544,00р. ;Еда;Магазин;
24.02.2013;-1 712,00р. ;Еда;Магазин;
25.02.2013;-93,00р. ;Еда;Завтрак;
25.02.2013;-230,00р. ;Еда;Обед;
25.02.2013; -232.00 ;Лекарства;Аптека;
25.02.2013;-30,00р. ;Еда;Перекус;
26.02.2013;-93,00р. ;Еда;Завтрак;
26.02.2013;-270,00р. ;Еда;Обед;
26.02.2013;-693,00р. ;Посиделки;Другое;
26.02.2013;-30,00р. ;Еда;Перекус;
27.02.2013;-93,00р. ;Еда;Завтрак;
27.02.2013;-310,00р. ;Еда;Обед;
27.02.2013;-30,00р. ;Еда;Перекус;
27.02.2013;-170,00р. ;Сотовый;Мой;
28.02.2013;-93,00р. ;Еда;Завтрак;
28.02.2013; -202.5 ;Еда;Обед;
28.02.2013;-56,00р. ;Проезд;Городской;
28.02.2013;-185,00р. ;Еда;Магазин;
01.03.2013;-270,00р. ;Еда;Обед;
01.03.2013;-28,00р. ;Проезд;Городской;
01.03.2013;-13 200,00р. ;Авто;Ремонт;
01.03.2013;-1 000,00р. ;Авто;Бензин;
03.03.2013;-632,00р. ;Еда;Магазин;
04.03.2013;-30,00р. ;Еда;Завтрак;
04.03.2013;-270,00р. ;Еда;Обед;
05.03.2013;-148,00р. ;Еда;Завтрак;
05.03.2013;-310,00р. ;Еда;Обед;
05.03.2013;-500,00р. ;Посиделки;Другое;8м
05.03.2013;-30,00р. ;Еда;Перекус;
05.03.2013; -509.00 ;Еда;Магазин;
06.03.2013;-93,00р. ;Еда;Завтрак;
06.03.2013;-193,00р. ;Еда;Обед;
06.03.2013;-30,00р. ;Еда;Перекус;
06.03.2013;-1 000,00р. ;Авто;Бензин;
07.03.2013;-93,00р. ;Еда;Завтрак;
07.03.2013; 36 015,00р. ;Income;Зарплата;
07.03.2013;-300,00р. ;Еда;Обед;
07.03.2013;-1 290,00р. ;Еда;Магазин;
07.03.2013;-415,00р. ;Лекарства;Аптека;
09.03.2013;-285,00р. ;Еда;Магазин;
09.03.2013;-353,00р. ;Еда;Магазин;
10.03.2013;-7 052,00р. ;Вещи;Одежда;
10.03.2013;-1 030,00р. ;Посиделки;Кафе;
11.03.2013;-93,00р. ;Еда;Завтрак;
11.03.2013;-56,00р. ;Проезд;Городской;
11.03.2013;-30,00р. ;Еда;Перекус;
11.03.2013; -192.00 ;Еда;Магазин;
11.03.2013;-300,00р. ;Авто;Ремонт;
11.03.2013;-450,00р. ;Сотовый;Мой;
11.03.2013;-10 000,00р. ;Долг;Отдал Долг;
12.03.2013;-146,00р. ;Еда;Завтрак;
12.03.2013;-209,00р. ;Еда;Обед;
12.03.2013;-165,00р. ;Еда;Магазин;
12.03.2013;-750,00р. ;Еда;Магазин;
12.03.2013;-30,00р. ;Еда;Перекус;
12.03.2013;-250,00р. ;Прочее;Прочее;
12.03.2013; 36 145,00р. ;Income;Зарплата;
12.03.2013;-50,00р. ;Еда;Магазин;
12.03.2013;-1 000,00р. ;Авто;Бензин;
13.03.2013;-500,00р. ;Квартплата;Другое;
13.03.2013;-93,00р. ;Еда;Завтрак;
13.03.2013;-350,00р. ;Еда;Обед;
13.03.2013;-60,00р. ;Еда;Перекус;
13.03.2013;-160,00р. ;Еда;Магазин;
13.03.2013;-453,00р. ;Еда;Магазин;
14.03.2013;-148,00р. ;Еда;Завтрак;
14.03.2013;-211,00р. ;Еда;Обед;
14.03.2013;-12 302,00р. ;Долг;Отдал Долг;
15.03.2013;-570,00р. ;Еда;Обед;
15.03.2013;-620,00р. ;Посиделки;Другое;
15.03.2013;-868,00р. ;Еда;Магазин;
17.03.2013;-100,00р. ;Еда;Магазин;
18.03.2013;-93,00р. ;Еда;Завтрак;
18.03.2013;-300,00р. ;Еда;Обед;
18.03.2013;-58,00р. ;Еда;Перекус;
18.03.2013;-1 000,00р. ;Авто;Бензин;
18.03.2013;-40,00р. ;Еда;Магазин;
18.03.2013;-1 500,00р. ;Прочее;Прочее;Ольга
19.03.2013;-148,00р. ;Еда;Завтрак;
19.03.2013; -258.00 ;Еда;Обед;
19.03.2013;-236,00р. ;Еда;Магазин;
20.03.2013;-93,00р. ;Еда;Завтрак;
20.03.2013;-340,00р. ;Еда;Обед;
20.03.2013;-30,00р. ;Еда;Перекус;
20.03.2013;-75,00р. ;Еда;Магазин;
21.03.2013;-215,00р. ;Еда;Обед;
21.03.2013;-93,00р. ;Еда;Завтрак;
21.03.2013;-300,00р. ;Еда;Перекус;
22.03.2013;-150,00р. ;Сотовый;Мой;
22.03.2013; -116.5 ;Лекарства;Аптека;
22.03.2013; -642.00 ;Еда;Магазин;
24.03.2013;-1 000,00р. ;Авто;Бензин;
25.03.2013;-270,00р. ;Еда;Обед;
25.03.2013;-30,00р. ;Еда;Перекус;
26.03.2013;-330,00р. ;Посиделки;Другое;
26.03.2013;-93,00р. ;Еда;Завтрак;
26.03.2013;-270,00р. ;Еда;Обед;
27.03.2013;-68,00р. ;Еда;Завтрак;
27.03.2013;-340,00р. ;Еда;Обед;
27.03.2013;-30,00р. ;Еда;Перекус;
27.03.2013;-1 200,00р. ;Вещи;Одежда;турник
28.03.2013;-93,00р. ;Еда;Завтрак;
28.03.2013;-270,00р. ;Еда;Обед;
28.03.2013;-33,00р. ;Еда;Перекус;
28.03.2013;-50,00р. ;Еда;Перекус;
29.03.2013;-108,00р. ;Еда;Завтрак;
29.03.2013;-30,00р. ;Еда;Перекус;
29.03.2013;-635,00р. ;Еда;Магазин;
29.03.2013;-570,00р. ;Лекарства;Аптека;
31.03.2013; -392.00 ;Еда;Магазин;
01.04.2013;-93,00р. ;Еда;Завтрак;
01.04.2013;-63,00р. ;Еда;Перекус;
01.04.2013;-300,00р. ;Еда;Обед;
01.04.2013;-150,00р. ;Сотовый;Мой;
01.04.2013;-532,00р. ;Еда;Магазин;
02.04.2013;-148,00р. ;Еда;Завтрак;
02.04.2013;-240,00р. ;Еда;Обед;
02.04.2013;-1 000,00р. ;Авто;Бензин;
02.04.2013; -239.00 ;Авто;Запчасти;
03.04.2013;-76,00р. ;Еда;Завтрак;
03.04.2013;-340,00р. ;Еда;Обед;
03.04.2013;-33,00р. ;Еда;Перекус;
03.04.2013;-100,00р. ;Лекарства;Аптека;
03.04.2013;-540,00р. ;Прочее;Прочее;
04.04.2013;-133,00р. ;Еда;Завтрак;
04.04.2013;-240,00р. ;Еда;Обед;
04.04.2013;-250,00р. ;Прочее;Прочее;
04.04.2013;-615,00р. ;Еда;Магазин;
05.04.2013;-93,00р. ;Еда;Завтрак;
05.04.2013;-220,00р. ;Еда;Обед;
05.04.2013;-280,00р. ;Сотовый;Мой;
07.04.2013;-600,00р. ;Еда;Магазин;
08.04.2013;-310,00р. ;Еда;Обед;
08.04.2013;-63,00р. ;Еда;Перекус;
09.04.2013;-323,00р. ;Еда;Обед;
09.04.2013;-63,00р. ;Еда;Перекус;
09.04.2013;-1 000,00р. ;Авто;Бензин;
10.04.2013; 55 249,00р. ;Income;Зарплата;
10.04.2013;-22 651,00р. ;Долг;Отдал Долг;
11.04.2013;-500,00р. ;Квартплата;Другое;
12.04.2013;-340,00р. ;Еда;Обед;
12.04.2013; -254.00 ;Еда;Магазин;
13.04.2013;-300,00р. ;Посиделки;Другое;
13.04.2013;-100,00р. ;Посиделки;Другое;
13.04.2013;-400,00р. ;Посиделки;Кафе;
13.04.2013;-216,00р. ;Еда;Магазин;
15.04.2013;-160,00р. ;Еда;Обед;
15.04.2013; -1117.00 ;Лекарства;Аптека;
16.04.2013;-96,00р. ;Еда;Завтрак;
16.04.2013;-232,00р. ;Еда;Обед;
16.04.2013;-33,00р. ;Еда;Перекус;
16.04.2013; -353.00 ;Еда;Магазин;
16.04.2013; -575.00 ;Лекарства;Аптека;
17.04.2013;-93,00р. ;Еда;Завтрак;
17.04.2013;-185,00р. ;Еда;Обед;
17.04.2013;-68,00р. ;Еда;Перекус;
17.04.2013;-55,00р. ;Еда;Магазин;
17.04.2013;-1 000,00р. ;Авто;Бензин;
18.04.2013;-148,00р. ;Еда;Завтрак;
18.04.2013;-340,00р. ;Еда;Обед;
18.04.2013;-211,00р. ;Лекарства;Аптека;
18.04.2013;-96,00р. ;Еда;Магазин;
19.04.2013;-33,00р. ;Еда;Завтрак;
19.04.2013;-270,00р. ;Еда;Обед;
19.04.2013;-33,00р. ;Еда;Перекус;
19.04.2013;-569,00р. ;Еда;Магазин;
20.04.2013;-120,00р. ;Еда;Магазин;
20.04.2013;-150,00р. ;Вещи;Одежда;
20.04.2013;-60,00р. ;Лекарства;Аптека;
21.04.2013;-195,00р. ;Лекарства;Аптека;
21.04.2013;-1 000,00р. ;Еда;Магазин;
21.04.2013; -336.00 ;Лекарства;Аптека;
22.04.2013;-103,00р. ;Еда;Завтрак;
22.04.2013;-300,00р. ;Еда;Обед;
22.04.2013;-33,00р. ;Еда;Перекус;
22.04.2013;-645,00р. ;Лекарства;Аптека;
23.04.2013;-153,00р. ;Еда;Завтрак;
23.04.2013;-230,00р. ;Еда;Обед;
23.04.2013;-33,00р. ;Еда;Перекус;
23.04.2013;-250,00р. ;Прочее;Прочее;
23.04.2013; -1650.00 ;Посиделки;Кафе;
24.04.2013;-98,00р. ;Еда;Завтрак;
24.04.2013;-350,00р. ;Еда;Обед;
24.04.2013;-68,00р. ;Еда;Перекус;
24.04.2013; -353.00 ;Еда;Магазин;
25.04.2013;-93,00р. ;Еда;Завтрак;
25.04.2013;-300,00р. ;Посиделки;Другое;
25.04.2013;-68,00р. ;Еда;Перекус;
25.04.2013; 5 915,00р. ;Income;Зарплата;
25.04.2013; 42 500,00р. ;Income;Зарплата;
25.04.2013;-1 000,00р. ;Авто;Бензин;
25.04.2013;-18,00р. ;Лекарства;Аптека;
26.04.2013;-98,00р. ;Еда;Завтрак;
26.04.2013;-900,00р. ;Авто;Документы;
26.04.2013;-186,00р. ;Сотовый;Мой;
26.04.2013; -383.00 ;Еда;Магазин;
27.04.2013;-45,00р. ;Еда;Магазин;
27.04.2013;-6 000,00р. ;Вещи;Техника;гитара
28.04.2013;-221,00р. ;Еда;Магазин;
28.04.2013;-200,00р. ;Еда;Магазин;
29.04.2013;-60,00р. ;Проезд;Городской;
29.04.2013;-98,00р. ;Еда;Завтрак;
29.04.2013;-570,00р. ;Еда;Обед;
29.04.2013;-5 000,00р. ;Вещи;Техника;
29.04.2013;-65,00р. ;Еда;Перекус;
29.04.2013;-200,00р. ;Сотовый;Другой;
29.04.2013; -235.00 ;Еда;Магазин;
30.04.2013;-98,00р. ;Еда;Завтрак;
30.04.2013;-300,00р. ;Еда;Обед;
30.04.2013; 20 700,00р. ;Income;Зарплата;
30.04.2013;-409,00р. ;Еда;Магазин;
02.05.2013;-305,00р. ;Еда;Магазин;
03.05.2013;-150,00р. ;Еда;Магазин;
03.05.2013;-1 000,00р. ;Авто;Бензин;
04.05.2013;-7 000,00р. ;Посиделки;Кафе;
05.05.2013;-300,00р. ;Авто;Штрафы;
05.05.2013;-1 100,00р. ;Еда;Обед;
06.05.2013;-98,00р. ;Еда;Завтрак;
06.05.2013;-300,00р. ;Еда;Обед;
06.05.2013;-500,00р. ;Еда;Магазин;
07.05.2013;-1 400,00р. ;Проезд;Такси;
07.05.2013;-150,00р. ;Еда;Магазин;
08.05.2013; 42 500,00р. ;Income;Зарплата;
14.05.2013;-640,00р. ;Проезд;Городской;
14.05.2013;-100,00р. ;Еда;Магазин;
14.05.2013;-100,00р. ;Проезд;Городской;
14.05.2013;-150,00р. ;Проезд;Такси;
14.05.2013;-166,00р. ;Еда;Магазин;
14.05.2013;-500,00р. ;Квартплата;Другое;интернет
15.05.2013; -515.00 ;Еда;Магазин;
15.05.2013;-360,00р. ;Авто;Мойка;
15.05.2013;-1 440,00р. ;Лекарства;Аптека;
15.05.2013;-167,00р. ;Лекарства;Аптека;
16.05.2013;-2 516,00р. ;Вещи;Одежда;
16.05.2013;-1 000,00р. ;Авто;Бензин;
17.05.2013;-53,00р. ;Еда;Магазин;
17.05.2013;-253,00р. ;Еда;Магазин;
17.05.2013;-300,00р. ;Авто;Штрафы;
17.05.2013;-300,00р. ;Авто;Штрафы;
20.05.2013;-98,00р. ;Еда;Завтрак;
20.05.2013;-270,00р. ;Еда;Обед;
20.05.2013;-30,00р. ;Еда;Перекус;
20.05.2013;-500,00р. ;Вещи;Одежда;
20.05.2013;-650,00р. ;Еда;Магазин;
21.05.2013;-153,00р. ;Еда;Завтрак;
21.05.2013;-380,00р. ;Еда;Обед;
21.05.2013;-60,00р. ;Еда;Перекус;
21.05.2013;-300,00р. ;Вещи;Техника;замок
22.05.2013;-98,00р. ;Еда;Завтрак;
22.05.2013;-310,00р. ;Еда;Обед;
22.05.2013;-30,00р. ;Еда;Перекус;
22.05.2013; -687.00 ;Еда;Магазин;
23.05.2013;-270,00р. ;Еда;Обед;
23.05.2013;-98,00р. ;Еда;Завтрак;
23.05.2013;-53,00р. ;Еда;Перекус;
23.05.2013;-118,00р. ;Еда;Магазин;
23.05.2013;-1 000,00р. ;Авто;Бензин;
24.05.2013;-93,00р. ;Еда;Завтрак;
24.05.2013; 30 600,00р. ;Income;Зарплата;
24.05.2013;-190,00р. ;Еда;Обед;
24.05.2013;-200,00р. ;Еда;Магазин;
25.05.2013;-250,00р. ;Еда;Магазин;
25.05.2013;-1 500,00р. ;Посиделки;Кафе;
25.05.2013;-2 000,00р. ;Вещи;Одежда;
25.05.2013;-2 340,00р. ;Еда;Магазин;
25.05.2013;-305,00р. ;Лекарства;Аптека;
25.05.2013;-2 450,00р. ;Вещи;Одежда;
25.05.2013;-3 000,00р. ;Лекарства;Аптека;зубной
27.05.2013;-98,00р. ;Еда;Завтрак;
27.05.2013;-270,00р. ;Еда;Обед;
27.05.2013;-100,00р. ;Сотовый;Мой;
27.05.2013;-22 651,00р. ;Долг;Отдал Долг;
28.05.2013;-148,00р. ;Еда;Завтрак;
28.05.2013;-230,00р. ;Еда;Обед;
28.05.2013;-7 000,00р. ;Долг;Отдал Долг;
28.05.2013;-35,00р. ;Еда;Перекус;
28.05.2013;-200,00р. ;Прочее;Прочее;
29.05.2013;-98,00р. ;Еда;Завтрак;
29.05.2013;-310,00р. ;Еда;Обед;
29.05.2013;-30,00р. ;Еда;Перекус;
29.05.2013;-1 000,00р. ;Авто;Бензин;
30.05.2013;-120,00р. ;Еда;Завтрак;
30.05.2013;-25,00р. ;Еда;Перекус;
30.05.2013;-240,00р. ;Еда;Обед;
31.05.2013;-125,00р. ;Еда;Завтрак;
31.05.2013;-300,00р. ;Еда;Обед;
31.05.2013;-30,00р. ;Еда;Перекус;
01.06.2013; -2700.00 ;Посиделки;Другое;др
01.06.2013;-300,00р. ;Сотовый;Другой;
02.06.2013;-1 000,00р. ;Авто;Бензин;
03.06.2013;-128,00р. ;Еда;Завтрак;
03.06.2013;-300,00р. ;Еда;Обед;
03.06.2013;-100,00р. ;Еда;Перекус;
03.06.2013; -620.00 ;Еда;Магазин;
04.06.2013;-200,00р. ;Сотовый;Мой;
04.06.2013;-138,00р. ;Еда;Завтрак;
04.06.2013;-100,00р. ;Еда;Перекус;
04.06.2013;-240,00р. ;Еда;Обед;
05.06.2013;-65,00р. ;Еда;Завтрак;
05.06.2013;-340,00р. ;Еда;Обед;
05.06.2013;-1 530,00р. ;Вещи;Техника;глюкометр
06.06.2013;-85,00р. ;Еда;Завтрак;
06.06.2013;-320,00р. ;Еда;Обед;
06.06.2013;-755,00р. ;Вещи;Техника;микроконтроллеры
06.06.2013;-1 800,00р. ;Вещи;Одежда;
07.06.2013;-65,00р. ;Еда;Завтрак;
07.06.2013;-100,00р. ;Еда;Перекус;
07.06.2013;-303,00р. ;Еда;Обед;
07.06.2013;-300,00р. ;Авто;Штрафы;
07.06.2013;-400,00р. ;Еда;Магазин;
08.06.2013;-255,00р. ;Еда;Магазин;
09.06.2013;-31 000,00р. ;Квартплата;Другое;
09.06.2013;-600,00р. ;Вещи;Одежда;шапочки
09.06.2013;-760,00р. ;Прочее;Прочее;бассейн
09.06.2013;-200,00р. ;Еда;Магазин;
09.06.2013;-1 000,00р. ;Авто;Бензин;
09.06.2013;-150,00р. ;Авто;Запчасти;
09.06.2013;-3 000,00р. ;Вещи;Одежда;
09.06.2013;-172,00р. ;Еда;Магазин;
09.06.2013;-2 500,00р. ;Вещи;Одежда;
10.06.2013;-110,00р. ;Еда;Завтрак;
10.06.2013;-270,00р. ;Еда;Обед;
10.06.2013;-50,00р. ;Еда;Перекус;
10.06.2013; 30 660,00р. ;Income;Зарплата;
11.06.2013;-120,00р. ;Еда;Завтрак;
11.06.2013;-225,00р. ;Еда;Обед;
11.06.2013;-22 000,00р. ;Долг;Отдал Долг;
11.06.2013; -3390.00 ;Вещи;Техника;контроллеры
11.06.2013;-300,00р. ;Еда;Магазин;
11.06.2013;-340,00р. ;Лекарства;Аптека;
11.06.2013;-275,00р. ;Еда;Магазин;
12.06.2013;-500,00р. ;Квартплата;Другое;инет
12.06.2013;-1 050,00р. ;Посиделки;Кафе;
12.06.2013; -1323.00 ;Еда;Магазин;
13.06.2013;-170,00р. ;Еда;Завтрак;
13.06.2013;-300,00р. ;Еда;Обед;
14.06.2013;-125,00р. ;Еда;Завтрак;
14.06.2013;-245,00р. ;Вещи;Техника;
14.06.2013;-240,00р. ;Еда;Обед;
14.06.2013;-558,00р. ;Еда;Магазин;
15.06.2013; -550.00 ;Посиделки;Другое;
15.06.2013;-50,00р. ;Еда;Магазин;
15.06.2013;-800,00р. ;Посиделки;Другое;
16.06.2013;-3 495,00р. ;Еда;Магазин;
16.06.2013;-1 000,00р. ;Авто;Бензин;
17.06.2013;-147,00р. ;Еда;Завтрак;
17.06.2013;-150,00р. ;Еда;Перекус;
17.06.2013;-690,00р. ;Вещи;Техника;mcu parts
17.06.2013;-270,00р. ;Еда;Обед;
18.06.2013;-198,00р. ;Сотовый;Мой;
18.06.2013; -182.5 ;Еда;Обед;
18.06.2013;-3 820,00р. ;Вещи;Техника;
19.06.2013;-2 000,00р. ;Лекарства;Аптека;
19.06.2013;-340,00р. ;Еда;Обед;
20.06.2013;-120,00р. ;Еда;Завтрак;
20.06.2013;-240,00р. ;Еда;Обед;
20.06.2013;-760,00р. ;Прочее;Прочее;
20.06.2013; 45 000,00р. ;Income;Зарплата;Оля
21.06.2013;-65,00р. ;Еда;Завтрак;
21.06.2013;-240,00р. ;Еда;Обед;
21.06.2013;-405,00р. ;Еда;Магазин;
21.06.2013;-203,00р. ;Еда;Магазин;
21.06.2013;-210,00р. ;Еда;Магазин;
21.06.2013;-890,00р. ;Еда;Магазин;
24.06.2013;-65,00р. ;Еда;Завтрак;
24.06.2013;-270,00р. ;Еда;Обед;
24.06.2013;-1 000,00р. ;Авто;Бензин;
25.06.2013; 42 500,00р. ;Income;Зарплата;
25.06.2013;-506,00р. ;Еда;Магазин;
26.06.2013;-110,00р. ;Еда;Завтрак;
26.06.2013;-760,00р. ;Вещи;Техника;
27.06.2013;-105,00р. ;Еда;Завтрак;
27.06.2013;-240,00р. ;Еда;Обед;
27.06.2013;-122,00р. ;Сотовый;Мой;
27.06.2013;-6 500,00р. ;Долг;Отдал Долг;
27.06.2013;-1 150,00р. ;Еда;Магазин;
27.06.2013;-22 651,00р. ;Долг;Отдал Долг;
28.06.2013;-65,00р. ;Еда;Завтрак;
28.06.2013;-300,00р. ;Еда;Обед;
28.06.2013;-1 700,00р. ;Посиделки;Кафе;
29.06.2013;-150,00р. ;Сотовый;Мой;
29.06.2013;-3 000,00р. ;Еда;Магазин;
29.06.2013;-275,00р. ;Еда;Магазин;
30.06.2013;-32 400,00р. ;Квартплата;Другое;
01.07.2013;-1 000,00р. ;Авто;Бензин;
01.07.2013;-65,00р. ;Еда;Завтрак;
01.07.2013;-270,00р. ;Еда;Обед;
01.07.2013;-140,00р. ;Еда;Перекус;
02.07.2013;-130,00р. ;Еда;Завтрак;
02.07.2013;-230,00р. ;Еда;Обед;
02.07.2013;-30,00р. ;Еда;Перекус;
02.07.2013;-190,00р. ;Еда;Магазин;
03.07.2013;-83,00р. ;Еда;Завтрак;
03.07.2013;-340,00р. ;Еда;Обед;
03.07.2013;-95,00р. ;Сотовый;Мой;
03.07.2013;-30,00р. ;Еда;Перекус;
04.07.2013;-105,00р. ;Еда;Завтрак;
04.07.2013;-240,00р. ;Еда;Обед;
05.07.2013;-270,00р. ;Еда;Обед;
05.07.2013;-740,00р. ;Еда;Магазин;
05.07.2013; 30 000,00р. ;Income;Зарплата;Оля
07.07.2013;-125,00р. ;Еда;Магазин;
08.07.2013;-158,00р. ;Еда;Завтрак;
08.07.2013;-105,00р. ;Еда;Перекус;
08.07.2013;-300,00р. ;Вещи;Техника;
08.07.2013;-100,00р. ;Еда;Магазин;
08.07.2013;-45,00р. ;Еда;Магазин;
08.07.2013;-152,00р. ;Еда;Магазин;
08.07.2013;-270,00р. ;Еда;Обед;
09.07.2013;-1 000,00р. ;Авто;Бензин;
09.07.2013;-120,00р. ;Еда;Завтрак;
09.07.2013;-220,00р. ;Еда;Обед;
09.07.2013;-317,00р. ;Еда;Магазин;
10.07.2013;-143,00р. ;Еда;Завтрак;
10.07.2013;-340,00р. ;Еда;Обед;
10.07.2013; 42 500,00р. ;Income;Зарплата;
10.07.2013;-947,00р. ;Вещи;Техника;контроллеры
11.07.2013;-60,00р. ;Еда;Завтрак;
11.07.2013;-240,00р. ;Еда;Обед;
11.07.2013;-362,00р. ;Вещи;Техника;
11.07.2013;-282,00р. ;Вещи;Техника;
11.07.2013;-500,00р. ;Квартплата;Другое;
12.07.2013;-50,00р. ;Еда;Завтрак;
12.07.2013;-300,00р. ;Еда;Обед;
12.07.2013;-417,00р. ;Еда;Магазин;
12.07.2013;-200,00р. ;Прочее;Прочее;
13.07.2013;-205,00р. ;Еда;Магазин;
13.07.2013;-151,00р. ;Еда;Магазин;
13.07.2013;-3 430,00р. ;Вещи;Одежда;
14.07.2013;-100,00р. ;Еда;Магазин;
15.07.2013;-270,00р. ;Еда;Обед;
15.07.2013;-308,00р. ;Лекарства;Аптека;
15.07.2013;-200,00р. ;Еда;Перекус;
15.07.2013;-6 500,00р. ;Долг;Отдал Долг;
15.07.2013; 41 065,00р. ;Income;Зарплата;
16.07.2013;-120,00р. ;Еда;Завтрак;
16.07.2013;-220,00р. ;Еда;Обед;
16.07.2013;-25,00р. ;Еда;Магазин;
16.07.2013;-780,00р. ;Еда;Магазин;
17.07.2013;-110,00р. ;Еда;Завтрак;
17.07.2013;-350,00р. ;Еда;Обед;
17.07.2013;-1 000,00р. ;Авто;Бензин;
18.07.2013;-60,00р. ;Еда;Завтрак;
18.07.2013;-240,00р. ;Еда;Обед;
18.07.2013;-30,00р. ;Еда;Перекус;
19.07.2013;-22 651,00р. ;Долг;Отдал Долг;
19.07.2013;-158,00р. ;Еда;Завтрак;
19.07.2013;-100,00р. ;Еда;Магазин;
20.07.2013;-120,00р. ;Проезд;Городской;
20.07.2013;-400,00р. ;Посиделки;Кафе;
21.07.2013;-850,00р. ;Сотовый;Мой;
29.07.2013; 27 700,00р. ;Income;Зарплата;
30.07.2013;-640,00р. ;Проезд;Городской;
30.07.2013;-60,00р. ;Проезд;Городской;
31.07.2013;-605,00р. ;Прочее;Прочее;краска
31.07.2013;-1 450,00р. ;Еда;Магазин;
31.07.2013;-350,00р. ;Сотовый;Другой;
01.08.2013;-45,00р. ;Еда;Магазин;
01.08.2013;-120,00р. ;Еда;Магазин;
02.08.2013;-30,00р. ;Проезд;Городской;
02.08.2013;-127,00р. ;Еда;Магазин;
02.08.2013;-123,00р. ;Еда;Магазин;
03.08.2013;-11 000,00р. ;Авто;Ремонт;
04.08.2013;-370,00р. ;Вещи;Техника;
04.08.2013;-123,00р. ;Еда;Магазин;
04.08.2013;-31 000,00р. ;Квартплата;Другое;
05.08.2013;-155,00р. ;Еда;Завтрак;
05.08.2013;-270,00р. ;Еда;Обед;
05.08.2013;-105,00р. ;Еда;Перекус;
05.08.2013;-105,00р. ;Еда;Магазин;
05.08.2013;-10 400,00р. ;Авто;Документы;
06.08.2013;-120,00р. ;Еда;Завтрак;
06.08.2013;-165,00р. ;Еда;Обед;
06.08.2013;-217,00р. ;Вещи;Техника;lcd
06.08.2013;-110,00р. ;Вещи;Техника;
07.08.2013;-95,00р. ;Еда;Завтрак;
07.08.2013;-240,00р. ;Еда;Обед;
07.08.2013;-1 000,00р. ;Авто;Бензин;
07.08.2013;-711,00р. ;Еда;Магазин;
07.08.2013;-152,00р. ;Еда;Магазин;
08.08.2013;-115,00р. ;Еда;Завтрак;
08.08.2013;-500,00р. ;Еда;Обед;
08.08.2013;-660,00р. ;Еда;Магазин;
09.08.2013;-155,00р. ;Еда;Завтрак;
09.08.2013;-270,00р. ;Еда;Обед;
09.08.2013; 27 735,00р. ;Income;Зарплата;
09.08.2013;-350,00р. ;Еда;Магазин;
09.08.2013;-270,00р. ;Прочее;Прочее;
10.08.2013;-1 700,00р. ;Посиделки;Кафе;
11.08.2013;-60,00р. ;Еда;Магазин;
11.08.2013;-881,00р. ;Авто;Бензин;
11.08.2013;-500,00р. ;Квартплата;Другое;
11.08.2013; -252.5 ;Вещи;Техника;
12.08.2013;-221,00р. ;Вещи;Техника;
12.08.2013;-136,00р. ;Вещи;Техника;
12.08.2013;-585,00р. ;Вещи;Техника;
12.08.2013;-155,00р. ;Еда;Завтрак;
12.08.2013;-270,00р. ;Еда;Обед;
12.08.2013;-1 400,00р. ;Посиделки;Кафе;
12.08.2013;-113,00р. ;Сотовый;Мой;
13.08.2013;-1 000,00р. ;Авто;Бензин;
13.08.2013;-500,00р. ;Прочее;Прочее;
13.08.2013;-75,00р. ;Еда;Завтрак;
13.08.2013;-165,00р. ;Еда;Обед;
13.08.2013;-1 000,00р. ;Вещи;Техника;
13.08.2013;-100,00р. ;Еда;Магазин;
14.08.2013;-90,00р. ;Еда;Завтрак;
14.08.2013;-240,00р. ;Еда;Обед;
14.08.2013;-360,00р. ;Авто;Мойка;
14.08.2013;-798,00р. ;Еда;Магазин;
15.08.2013;-60,00р. ;Еда;Завтрак;
15.08.2013;-300,00р. ;Еда;Обед;
15.08.2013;-500,00р. ;Посиделки;Другое;др Ольги
15.08.2013;-90,00р. ;Еда;Перекус;
16.08.2013;-158,00р. ;Еда;Завтрак;
16.08.2013;-310,00р. ;Еда;Обед;
18.08.2013;-1 000,00р. ;Еда;Магазин;
18.08.2013;-1 000,00р. ;Авто;Бензин;
19.08.2013;-155,00р. ;Еда;Завтрак;
19.08.2013;-220,00р. ;Еда;Обед;
19.08.2013;-4 700,00р. ;Вещи;Техника;
19.08.2013;-60,00р. ;Еда;Перекус;
19.08.2013;-585,00р. ;Еда;Магазин;
20.08.2013;-150,00р. ;Еда;Завтрак;
20.08.2013;-212,00р. ;Еда;Обед;
21.08.2013;-140,00р. ;Еда;Завтрак;
21.08.2013;-240,00р. ;Еда;Обед;
21.08.2013;-190,00р. ;Еда;Магазин;
21.08.2013;-570,00р. ;Вещи;Техника;
21.08.2013;-200,00р. ;Сотовый;Мой;
22.08.2013;-97,00р. ;Еда;Завтрак;
22.08.2013;-337,00р. ;Еда;Обед;
22.08.2013;-391,00р. ;Еда;Магазин;
23.08.2013;-75,00р. ;Еда;Завтрак;
23.08.2013; 38 600,00р. ;Income;Зарплата;
23.08.2013;-300,00р. ;Еда;Обед;
23.08.2013;-1 000,00р. ;Авто;Бензин;
24.08.2013;-531,00р. ;Вещи;Техника;
24.08.2013;-60,00р. ;Проезд;Маршрутка;
24.08.2013;-60,00р. ;Проезд;Городской;
24.08.2013;-378,00р. ;Еда;Магазин;
24.08.2013;-539,00р. ;Еда;Магазин;
24.08.2013;-60,00р. ;Проезд;Городской;
26.08.2013;-155,00р. ;Еда;Завтрак;
26.08.2013;-260,00р. ;Еда;Обед;
26.08.2013;-35,00р. ;Еда;Перекус;
27.08.2013;-150,00р. ;Еда;Завтрак;
27.08.2013;-69,00р. ;Вещи;Техника;
27.08.2013;-100,00р. ;Вещи;Техника;
27.08.2013; -134.5 ;Вещи;Техника;
27.08.2013; -112.5 ;Вещи;Техника;
27.08.2013;-236,00р. ;Еда;Обед;
27.08.2013;-262,00р. ;Вещи;Техника;
27.08.2013;-202,00р. ;Вещи;Техника;
27.08.2013;-158,00р. ;Вещи;Техника;
27.08.2013;-60,00р. ;Еда;Перекус;
28.08.2013;-127,00р. ;Еда;Завтрак;
28.08.2013;-160,00р. ;Еда;Перекус;
28.08.2013;-240,00р. ;Еда;Обед;
28.08.2013;-155,00р. ;Вещи;Техника;
29.08.2013;-155,00р. ;Еда;Завтрак;
29.08.2013;-6 500,00р. ;Долг;Отдал Долг;
29.08.2013; -257.5 ;Еда;Обед;
30.08.2013;-1 000,00р. ;Авто;Бензин;
30.08.2013;-290,00р. ;Еда;Обед;
01.09.2013;-31 250,00р. ;Квартплата;Другое;
01.09.2013;-378,00р. ;Еда;Магазин;
01.09.2013;-1 027,00р. ;Еда;Магазин;
02.09.2013;-95,00р. ;Еда;Завтрак;
02.09.2013;-230,00р. ;Еда;Обед;
02.09.2013;-90,00р. ;Еда;Перекус;
02.09.2013;-22 651,00р. ;Долг;Отдал Долг;
02.09.2013;-5 000,00р. ;Вещи;Одежда;
03.09.2013;-130,00р. ;Еда;Завтрак;
03.09.2013;-255,00р. ;Еда;Обед;
03.09.2013;-307,00р. ;Еда;Магазин;
04.09.2013;-90,00р. ;Еда;Завтрак;
04.09.2013;-230,00р. ;Еда;Обед;
05.09.2013;-1 000,00р. ;Авто;Бензин;
05.09.2013; 30 000,00р. ;Income;Зарплата;Оля
05.09.2013;-230,00р. ;Еда;Магазин;
06.09.2013;-597,00р. ;Еда;Магазин;
07.09.2013;-100,00р. ;Сотовый;Мой;
07.09.2013;-500,00р. ;Еда;Магазин;
08.09.2013;-300,00р. ;Сотовый;Мой;
09.09.2013;-75,00р. ;Еда;Завтрак;
09.09.2013;-70,00р. ;Еда;Перекус;
09.09.2013;-260,00р. ;Еда;Обед;
10.09.2013;-90,00р. ;Еда;Завтрак;
10.09.2013;-270,00р. ;Еда;Обед;
10.09.2013; 38 672,00р. ;Income;Зарплата;
10.09.2013;-500,00р. ;Квартплата;Другое;
11.09.2013;-95,00р. ;Еда;Завтрак;
11.09.2013;-230,00р. ;Еда;Обед;
11.09.2013; -309.00 ;Посиделки;Кафе;
11.09.2013;-1 000,00р. ;Авто;Бензин;
11.09.2013;-900,00р. ;Вещи;Одежда;
11.09.2013;-3 327,00р. ;Еда;Магазин;
11.09.2013;-500,00р. ;Посиделки;Другое;др Саши
12.09.2013;-155,00р. ;Еда;Завтрак;
12.09.2013; -145.5 ;Еда;Обед;
12.09.2013;-7 600,00р. ;Вещи;Техника;
12.09.2013; 18 935,00р. ;Income;Премия;
12.09.2013;-1 300,00р. ;Прочее;Прочее;справка
13.09.2013;-155,00р. ;Еда;Завтрак;
13.09.2013;-195,00р. ;Еда;Обед;
15.09.2013;-300,00р. ;Еда;Магазин;
16.09.2013;-220,00р. ;Еда;Обед;
16.09.2013;-250,00р. ;Еда;Перекус;
16.09.2013;-1 000,00р. ;Авто;Бензин;
16.09.2013;-235,00р. ;Посиделки;Кафе;
16.09.2013;-245,00р. ;Еда;Магазин;
17.09.2013;-260,00р. ;Еда;Обед;
17.09.2013;-157,00р. ;Прочее;Прочее;журнал
18.09.2013;-70,00р. ;Еда;Завтрак;
18.09.2013;-230,00р. ;Еда;Обед;
18.09.2013;-60,00р. ;Проезд;Городской;
18.09.2013;-13 500,00р. ;Прочее;Прочее;кольцо
19.09.2013; -145.5 ;Еда;Обед;
19.09.2013;-100,00р. ;Прочее;Прочее;коробка
20.09.2013;-70,00р. ;Еда;Завтрак;
20.09.2013;-300,00р. ;Еда;Обед;
20.09.2013;-2 800,00р. ;Посиделки;Кафе;
20.09.2013;-1 800,00р. ;Лекарства;Аптека;линзы
21.09.2013;-568,00р. ;Еда;Магазин;
21.09.2013;-76,00р. ;Еда;Магазин;
21.09.2013;-76,00р. ;Еда;Магазин;
21.09.2013;-75,00р. ;Еда;Магазин;
22.09.2013;-260,00р. ;Еда;Магазин;
22.09.2013;-175,00р. ;Еда;Магазин;
23.09.2013;-120,00р. ;Еда;Завтрак;
23.09.2013;-220,00р. ;Еда;Обед;
23.09.2013;-70,00р. ;Еда;Перекус;
23.09.2013; -1555.00 ;Прочее;Прочее;
23.09.2013;-4 000,00р. ;Посиделки;Кафе;
24.09.2013;-200,00р. ;Еда;Обед;
24.09.2013;-30,00р. ;Еда;Перекус;
24.09.2013; 42 500,00р. ;Income;Зарплата;
25.09.2013;-105,00р. ;Еда;Завтрак;
25.09.2013;-230,00р. ;Еда;Обед;
25.09.2013;-1 000,00р. ;Авто;Бензин;
26.09.2013;-155,00р. ;Еда;Завтрак;
26.09.2013;-265,00р. ;Еда;Обед;
26.09.2013;-2 000,00р. ;Долг;Отдал Долг;
27.09.2013;-290,00р. ;Еда;Обед;
27.09.2013;-1 990,00р. ;Еда;Магазин;
28.09.2013;-155,00р. ;Еда;Магазин;
29.09.2013;-31 000,00р. ;Квартплата;Другое;
29.09.2013;-1 290,00р. ;Вещи;Техника;
30.09.2013;-158,00р. ;Еда;Завтрак;
30.09.2013;-270,00р. ;Еда;Обед;
30.09.2013;-1 000,00р. ;Авто;Бензин;
30.09.2013;-7 000,00р. ;Прочее;Прочее;Оля документы
30.09.2013;-254,00р. ;Еда;Магазин;
01.10.2013;-100,00р. ;Еда;Магазин;
01.10.2013;-200,00р. ;Сотовый;Мой;
02.10.2013;-60,00р. ;Проезд;Городской;
02.10.2013;-321,00р. ;Еда;Обед;
03.10.2013;-180,00р. ;Еда;Магазин;
04.10.2013;-95,00р. ;Еда;Завтрак;
04.10.2013;-230,00р. ;Еда;Обед;
04.10.2013;-142,00р. ;Еда;Магазин;
05.10.2013; -350.00 ;Еда;Магазин;
05.10.2013; -440.00 ;Сотовый;Другой;
05.10.2013;-22 651,00р. ;Долг;Отдал Долг;
05.10.2013;-200,00р. ;Сотовый;Другой;
05.10.2013;-25,00р. ;Прочее;Прочее;
07.10.2013;-140,00р. ;Еда;Завтрак;
07.10.2013;-500,00р. ;Посиделки;Другое;др Нели
07.10.2013;-130,00р. ;Еда;Перекус;
07.10.2013;-220,00р. ;Еда;Обед;
08.10.2013;-206,00р. ;Еда;Обед;
09.10.2013;-1 000,00р. ;Авто;Бензин;
09.10.2013;-100,00р. ;Сотовый;Мой;
09.10.2013;-230,00р. ;Еда;Обед;
09.10.2013; 42 500,00р. ;Income;Зарплата;
10.10.2013;-359,00р. ;Еда;Обед;
10.10.2013;-3 030,00р. ;Авто;Штрафы;
11.10.2013;-135,00р. ;Еда;Завтрак;
11.10.2013;-300,00р. ;Еда;Обед;
11.10.2013;-500,00р. ;Квартплата;Другое;интернет
12.10.2013;-135,00р. ;Еда;Магазин;
12.10.2013;-22,00р. ;Еда;Магазин;
12.10.2013;-290,00р. ;Еда;Магазин;
14.10.2013;-140,00р. ;Еда;Завтрак;
14.10.2013;-270,00р. ;Еда;Обед;
14.10.2013;-149,00р. ;Авто;Запчасти;
15.10.2013;-155,00р. ;Еда;Завтрак;
15.10.2013;-240,00р. ;Еда;Обед;
15.10.2013;-191,00р. ;Еда;Магазин;
16.10.2013;-100,00р. ;Сотовый;Мой;
16.10.2013;-62,00р. ;Еда;Завтрак;
16.10.2013;-230,00р. ;Еда;Обед;
17.10.2013;-135,00р. ;Еда;Завтрак;
17.10.2013;-211,00р. ;Еда;Обед;
17.10.2013;-1 000,00р. ;Авто;Бензин;
17.10.2013;-201,00р. ;Лекарства;Аптека;
17.10.2013;-795,00р. ;Лекарства;Аптека;
18.10.2013;-155,00р. ;Еда;Завтрак;
18.10.2013;-300,00р. ;Еда;Обед;
19.10.2013;-2 500,00р. ;Еда;Магазин;
19.10.2013;-260,00р. ;Еда;Магазин;
19.10.2013;-1 060,00р. ;Прочее;Прочее;
20.10.2013;-163,00р. ;Еда;Магазин;
20.10.2013;-840,00р. ;Еда;Магазин;
20.10.2013;-590,00р. ;Вещи;Одежда;
20.10.2013;-3 800,00р. ;Вещи;Одежда;
21.10.2013;-122,00р. ;Еда;Завтрак;
21.10.2013;-150,00р. ;Еда;Перекус;
21.10.2013;-189,00р. ;Лекарства;Аптека;
21.10.2013;-270,00р. ;Еда;Обед;
21.10.2013;-360,00р. ;Авто;Мойка;
22.10.2013;-155,00р. ;Еда;Завтрак;
22.10.2013;-300,00р. ;Еда;Обед;
23.10.2013;-135,00р. ;Еда;Завтрак;
23.10.2013;-230,00р. ;Еда;Обед;
23.10.2013; 42 500,00р. ;Income;Зарплата;
23.10.2013;-1 350,00р. ;Прочее;Прочее;
23.10.2013;-1 000,00р. ;Авто;Бензин;
23.10.2013;-209,00р. ;Сотовый;Мой;
24.10.2013;-221,00р. ;Еда;Обед;
24.10.2013;-30,00р. ;Еда;Перекус;
24.10.2013; -425.5 ;Лекарства;Аптека;
25.10.2013;-95,00р. ;Еда;Завтрак;
25.10.2013; -252.5 ;Еда;Обед;
25.10.2013; 2 830,00р. ;Income;Премия;
25.10.2013;-700,00р. ;Посиделки;Кафе;
26.10.2013;-31 150,00р. ;Квартплата;Другое;
26.10.2013;-1 107,00р. ;Еда;Магазин;
26.10.2013;-107,00р. ;Еда;Магазин;
28.10.2013;-140,00р. ;Еда;Завтрак;
28.10.2013;-100,00р. ;Еда;Перекус;
28.10.2013;-220,00р. ;Еда;Обед;
29.10.2013;-310,00р. ;Еда;Обед;
30.10.2013;-155,00р. ;Еда;Завтрак;
30.10.2013;-230,00р. ;Еда;Обед;
31.10.2013;-1 000,00р. ;Авто;Бензин;
31.10.2013;-75,00р. ;Еда;Завтрак;
31.10.2013;-700,00р. ;Еда;Обед;
01.11.2013;-113,00р. ;Еда;Завтрак;
01.11.2013;-300,00р. ;Еда;Обед;
01.11.2013;-248,00р. ;Еда;Магазин;
02.11.2013;-870,00р. ;Еда;Магазин;
02.11.2013;-189,00р. ;Еда;Магазин;
02.11.2013;-1 169,00р. ;Еда;Магазин;
02.11.2013;-5 250,00р. ;Вещи;Техника;
03.11.2013;-217,00р. ;Сотовый;Мой;
04.11.2013; -201.00 ;Еда;Магазин;
04.11.2013;-57,00р. ;Еда;Магазин;
04.11.2013;-200,00р. ;Еда;Магазин;
05.11.2013;-270,00р. ;Еда;Обед;
05.11.2013;-207,00р. ;Еда;Перекус;
05.11.2013;-130,00р. ;Еда;Перекус;
05.11.2013;-22 651,00р. ;Долг;Отдал Долг;
06.11.2013;-155,00р. ;Еда;Завтрак;
06.11.2013;-300,00р. ;Еда;Обед;
06.11.2013;-391,00р. ;Еда;Магазин;
06.11.2013;-95,00р. ;Еда;Магазин;
07.11.2013;-127,00р. ;Еда;Завтрак;
07.11.2013;-247,00р. ;Еда;Обед;
07.11.2013; 42 500,00р. ;Income;Зарплата;
07.11.2013;-350,00р. ;Еда;Магазин;
08.11.2013;-1 228,00р. ;Еда;Магазин;
08.11.2013;-500,00р. ;Квартплата;Другое;
08.11.2013;-30,00р. ;Еда;Перекус;
08.11.2013;-1 000,00р. ;Авто;Бензин;
09.11.2013;-100,00р. ;Прочее;Прочее;
09.11.2013; -367.00 ;Еда;Магазин;
09.11.2013; -1511.00 ;Вещи;Одежда;
10.11.2013;-220,00р. ;Прочее;Прочее;
10.11.2013;-500,00р. ;Сотовый;Другой;
10.11.2013;-200,00р. ;Еда;Магазин;
10.11.2013; -431.50 ;Лекарства;Аптека;
10.11.2013;-45,00р. ;Еда;Магазин;
11.11.2013;-70,00р. ;Еда;Завтрак;
11.11.2013;-270,00р. ;Еда;Обед;
12.11.2013;-75,00р. ;Еда;Завтрак;
12.11.2013;-300,00р. ;Еда;Обед;
12.11.2013;-165,00р. ;Еда;Магазин;
13.11.2013;-230,00р. ;Еда;Обед;
13.11.2013;-155,00р. ;Еда;Завтрак;
14.11.2013;-82,00р. ;Еда;Завтрак;
14.11.2013;-310,00р. ;Еда;Обед;
14.11.2013;-160,00р. ;Сотовый;Мой;
14.11.2013;-120,00р. ;Проезд;Городской;
14.11.2013;-223,00р. ;Путешествие;Путешествие;
14.11.2013;-235,00р. ;Еда;Магазин;
15.11.2013;-50,00р. ;Еда;Магазин;
15.11.2013;-430,00р. ;Еда;Магазин;
15.11.2013;-330,00р. ;Прочее;Прочее;
15.11.2013;-635,00р. ;Проезд;Городской;
16.11.2013;-224,00р. ;Путешествие;Путешествие;
17.11.2013;-445,00р. ;Еда;Магазин;
17.11.2013;-160,00р. ;Проезд;Городской;
18.11.2013;-90,00р. ;Лекарства;Аптека;
18.11.2013;-1 000,00р. ;Авто;Бензин;
18.11.2013;-140,00р. ;Еда;Завтрак;
18.11.2013;-270,00р. ;Еда;Обед;
18.11.2013;-150,00р. ;Еда;Перекус;
19.11.2013;-147,00р. ;Еда;Завтрак;
19.11.2013;-300,00р. ;Еда;Обед;
19.11.2013;-154,00р. ;Еда;Магазин;
20.11.2013;-70,00р. ;Еда;Завтрак;
20.11.2013;-255,00р. ;Еда;Обед;
20.11.2013;-250,00р. ;Прочее;Прочее;
21.11.2013;-82,00р. ;Еда;Завтрак;
21.11.2013;-340,00р. ;Еда;Обед;
22.11.2013;-140,00р. ;Еда;Завтрак;
22.11.2013;-240,00р. ;Еда;Обед;
23.11.2013;-700,00р. ;Вещи;Одежда;
24.11.2013;-280,00р. ;Еда;Магазин;
25.11.2013;-155,00р. ;Еда;Завтрак;
25.11.2013;-170,00р. ;Еда;Перекус;
25.11.2013;-310,00р. ;Еда;Обед;
25.11.2013;-128,00р. ;Еда;Магазин;
26.11.2013;-142,00р. ;Еда;Завтрак;
26.11.2013;-220,00р. ;Еда;Обед;
26.11.2013;-162,00р. ;Еда;Магазин;
27.11.2013;-135,00р. ;Еда;Завтрак;
27.11.2013;-230,00р. ;Еда;Обед;
27.11.2013;-110,00р. ;Сотовый;Мой;
27.11.2013;-265,00р. ;Еда;Магазин;
27.11.2013;-1 000,00р. ;Авто;Бензин;
27.11.2013;-565,00р. ;Еда;Магазин;
28.11.2013;-95,00р. ;Еда;Завтрак;
28.11.2013;-4 300,00р. ;Прочее;Прочее;аэротруба
28.11.2013;-226,00р. ;Еда;Обед;
28.11.2013;-276,00р. ;Еда;Магазин;
29.11.2013;-140,00р. ;Еда;Завтрак;
29.11.2013;-300,00р. ;Еда;Обед;
29.11.2013;-470,00р. ;Еда;Магазин;
30.11.2013;-100,00р. ;Еда;Магазин;
01.12.2013;-200,00р. ;Проезд;Городской;
01.12.2013;-31 000,00р. ;Квартплата;Другое;
01.12.2013;-520,00р. ;Еда;Магазин;
02.12.2013;-116,00р. ;Еда;Магазин;
02.12.2013;-110,00р. ;Еда;Перекус;
02.12.2013;-140,00р. ;Еда;Завтрак;
02.12.2013;-220,00р. ;Еда;Обед;
02.12.2013; 42 500,00р. ;Income;Зарплата;
03.12.2013;-82,00р. ;Еда;Завтрак;
03.12.2013;-310,00р. ;Еда;Обед;
03.12.2013;-100,00р. ;Прочее;Прочее;
03.12.2013;-350,00р. ;Прочее;Прочее;
04.12.2013;-168,00р. ;Сотовый;Мой;
04.12.2013;-312,00р. ;Еда;Магазин;
04.12.2013;-85,00р. ;Еда;Магазин;
04.12.2013;-16 000,00р. ;Вещи;Одежда;
04.12.2013;-636,00р. ;Еда;Магазин;
05.12.2013;-155,00р. ;Еда;Завтрак;
05.12.2013;-340,00р. ;Еда;Обед;
05.12.2013;-1 000,00р. ;Авто;Бензин;
05.12.2013;-22 651,00р. ;Долг;Отдал Долг;
06.12.2013;-142,00р. ;Еда;Завтрак;
06.12.2013;-640,00р. ;Еда;Обед;
06.12.2013;-60,00р. ;Проезд;Городской;
07.12.2013;-1 500,00р. ;Посиделки;Кафе;
07.12.2013;-1 220,00р. ;Прочее;Прочее;
08.12.2013;-120,00р. ;Еда;Магазин;
08.12.2013;-1 100,00р. ;Посиделки;Кафе;
08.12.2013;-790,00р. ;Еда;Магазин;
09.12.2013; 42 500,00р. ;Income;Зарплата;
09.12.2013;-95,00р. ;Еда;Завтрак;
09.12.2013;-220,00р. ;Еда;Обед;
10.12.2013;-500,00р. ;Квартплата;Другое;
10.12.2013;-90,00р. ;Еда;Завтрак;
10.12.2013;-300,00р. ;Еда;Обед;
10.12.2013;-1 000,00р. ;Авто;Бензин;
11.12.2013;-84,00р. ;Еда;Завтрак;
11.12.2013;-310,00р. ;Еда;Обед;
11.12.2013;-160,00р. ;Еда;Магазин;
11.12.2013;-500,00р. ;Еда;Магазин;
12.12.2013;-250,00р. ;Еда;Обед;
13.12.2013;-149,00р. ;Еда;Завтрак;
13.12.2013;-300,00р. ;Еда;Обед;
13.12.2013;-114,00р. ;Еда;Магазин;
15.12.2013;-1 000,00р. ;Авто;Бензин;
15.12.2013;-3 000,00р. ;Посиделки;Другое;др Андрея
16.12.2013;-350,00р. ;Еда;Обед;
16.12.2013; -583.00 ;Еда;Магазин;
16.12.2013;-50,00р. ;Еда;Перекус;
17.12.2013;-243,00р. ;Сотовый;Мой;
17.12.2013;-5 700,00р. ;Путешествие;Путешествие;виза
17.12.2013;-2 000,00р. ;Посиделки;Кафе;
17.12.2013;-1 000,00р. ;Посиделки;Другое;нг
18.12.2013;-75,00р. ;Еда;Завтрак;
18.12.2013;-275,00р. ;Еда;Обед;
18.12.2013;-30,00р. ;Еда;Перекус;
18.12.2013;-836,00р. ;Еда;Магазин;
19.12.2013; -275.00 ;Еда;Обед;
19.12.2013; 218 200,00р. ;Income;Зарплата;
20.12.2013;-130,00р. ;Еда;Магазин;
21.12.2013;-410,00р. ;Еда;Магазин;
21.12.2013;-1 350,00р. ;Посиделки;Кафе;
21.12.2013;-3 000,00р. ;Посиделки;Кафе;
22.12.2013; -1163.00 ;Еда;Магазин;
23.12.2013;-500,00р. ;Авто;Бензин;
23.12.2013;-160,00р. ;Еда;Магазин;
23.12.2013;-65,00р. ;Еда;Магазин;
23.12.2013;-262,00р. ;Еда;Магазин;
23.12.2013;-265,00р. ;Еда;Магазин;
24.12.2013;-100,00р. ;Проезд;Городской;
24.12.2013;-814,00р. ;Еда;Обед;
24.12.2013;-180,00р. ;Проезд;Городской;
24.12.2013;-7 450,00р. ;Вещи;Одежда;
24.12.2013;-191,00р. ;Еда;Магазин;
25.12.2013;-30,00р. ;Проезд;Городской;
25.12.2013;-33 000,00р. ;Авто;Ремонт;
25.12.2013;-1 550,00р. ;Авто;Мойка;
25.12.2013;-166,00р. ;Сотовый;Мой;
25.12.2013;-1 000,00р. ;Авто;Бензин;
25.12.2013;-102,00р. ;Еда;Магазин;
26.12.2013;-120,00р. ;Проезд;Городской;
26.12.2013;-300,00р. ;Еда;Магазин;
26.12.2013;-31 100,00р. ;Квартплата;Другое;
27.12.2013;-160,00р. ;Вещи;Техника;книги
27.12.2013;-75,00р. ;Еда;Магазин;
27.12.2013;-1 000,00р. ;Посиделки;Кафе;
29.12.2013;-700,00р. ;Еда;Магазин;
30.12.2013;-4 304,00р. ;Еда;Магазин;
30.12.2013; -480.00 ;Еда;Магазин;
31.12.2013;-100,00р. ;Авто;Документы;парковка
03.01.2014;-341,00р. ;Вещи;Техника;
04.01.2014;-2 118,00р. ;Вещи;Одежда;
04.01.2014;-1 377,00р. ;Вещи;Одежда;
04.01.2014;-1 000,00р. ;Авто;Бензин;
04.01.2014;-2 000,00р. ;Посиделки;Кафе;
04.01.2014;-846,00р. ;Вещи;Техника;икеа
05.01.2014;-2 015,00р. ;Еда;Магазин;
05.01.2014;-543,00р. ;Вещи;Техника;
05.01.2014;-210,00р. ;Еда;Магазин;
06.01.2014;-22 651,00р. ;Долг;Отдал Долг;
06.01.2014;-600,00р. ;Прочее;Прочее;каток
06.01.2014;-354,00р. ;Еда;Магазин;
07.01.2014;-23 360,00р. ;Вещи;Одежда;
07.01.2014;-400,00р. ;Авто;Документы;
07.01.2014;-100,00р. ;Сотовый;Мой;
08.01.2014; -25100.00 ;Вещи;Одежда;
08.01.2014;-1 000,00р. ;Авто;Бензин;
09.01.2014;-40,00р. ;Еда;Магазин;
10.01.2014;-175,00р. ;Еда;Магазин;
10.01.2014;-1 750,00р. ;Вещи;Одежда;
10.01.2014;-45,00р. ;Еда;Магазин;
10.01.2014;-100,00р. ;Авто;Документы;
11.01.2014;-2 150,00р. ;Вещи;Техника;
11.01.2014;-200,00р. ;Еда;Магазин;
11.01.2014;-65,00р. ;Еда;Магазин;
11.01.2014;-166,00р. ;Еда;Магазин;
11.01.2014;-33,00р. ;Еда;Магазин;
11.01.2014;-167,00р. ;Еда;Магазин;
11.01.2014;-120,00р. ;Еда;Магазин;
13.01.2014;-181,00р. ;Еда;Магазин;
14.01.2014;-116,00р. ;Еда;Магазин;
15.01.2014;-8 063,00р. ;Вещи;Техника;
15.01.2014; -279.5 ;Еда;Магазин;
16.01.2014;-118,00р. ;Лекарства;Аптека;
16.01.2014;-2 100,00р. ;Вещи;Техника;книги
17.01.2014;-500,00р. ;Авто;Бензин;
18.01.2014;-650,00р. ;Еда;Магазин;
18.01.2014;-700,00р. ;Посиделки;Другое;
19.01.2014;-606,00р. ;Авто;Штрафы;
19.01.2014;-165,00р. ;Сотовый;Мой;
19.01.2014;-40,00р. ;Еда;Магазин;
19.01.2014;-150,00р. ;Авто;Запчасти;
19.01.2014; -226.00 ;Еда;Магазин;
20.01.2014;-1 000,00р. ;Авто;Бензин;
20.01.2014;-4 000,00р. ;Вещи;Одежда;подушка
21.01.2014;-90,00р. ;Проезд;Городской;
21.01.2014; -394.00 ;Еда;Магазин;
21.01.2014;-306,00р. ;Лекарства;Аптека;
22.01.2014;-200,00р. ;Еда;Магазин;
22.01.2014;-700,00р. ;Сотовый;Мой;
22.01.2014;-977,00р. ;Еда;Магазин;
22.01.2014;-100,00р. ;Сотовый;Другой;
23.01.2014;-150,00р. ;Вещи;Техника;журнал
23.01.2014; -357.00 ;Еда;Магазин;
23.01.2014;-650,00р. ;Лекарства;Аптека;
23.01.2014;-940,00р. ;Вещи;Одежда;
23.01.2014; -1360.00 ;Путешествие;Путешествие;
23.01.2014;-25,00р. ;Прочее;Прочее;
30.01.2014;-50,00р. ;Проезд;Городской;
30.01.2014;-1 300,00р. ;Проезд;Такси;
30.01.2014;-181,00р. ;Еда;Магазин;
30.01.2014;-50,00р. ;Проезд;Городской;
30.01.2014;-40,00р. ;Проезд;Городской;
30.01.2014;-50,00р. ;Проезд;Городской;
30.01.2014;-50,00р. ;Проезд;Городской;
31.01.2014;-65,00р. ;Еда;Магазин;
31.01.2014;-1 000,00р. ;Авто;Бензин;
31.01.2014;-100,00р. ;Вещи;Техника;батарейки
02.02.2014; -730.00 ;Еда;Магазин;
02.02.2014;-31 000,00р. ;Квартплата;Другое;
02.02.2014;-901,00р. ;Лекарства;Аптека;
02.02.2014;-299,00р. ;Еда;Магазин;
03.02.2014;-50,00р. ;Проезд;Городской;
03.02.2014;-286,00р. ;Еда;Обед;
03.02.2014;-40,00р. ;Проезд;Городской;
03.02.2014;-257,00р. ;Еда;Магазин;
04.02.2014;-50,00р. ;Проезд;Городской;
04.02.2014;-277,00р. ;Еда;Обед;
04.02.2014;-22 782,00р. ;Долг;Отдал Долг;
05.02.2014;-274,00р. ;Еда;Обед;
06.02.2014;-259,00р. ;Еда;Обед;
06.02.2014;-1 000,00р. ;Авто;Бензин;
06.02.2014;-500,00р. ;Квартплата;Другое;
07.02.2014;-290,00р. ;Еда;Обед;
07.02.2014;-424,00р. ;Лекарства;Аптека;
10.02.2014;-250,00р. ;Еда;Обед;
10.02.2014;-143,00р. ;Еда;Перекус;
11.02.2014;-270,00р. ;Еда;Обед;
11.02.2014;-1 000,00р. ;Авто;Бензин;
11.02.2014;-6 000,00р. ;Вещи;Одежда;коляски
11.02.2014;-319,00р. ;Сотовый;Мой;
12.02.2014;-290,00р. ;Еда;Обед;
13.02.2014;-35,00р. ;Еда;Перекус;
13.02.2014;-272,00р. ;Еда;Обед;
14.02.2014;-800,00р. ;Еда;Обед;
14.02.2014;-655,00р. ;Еда;Магазин;
15.02.2014;-100,00р. ;Сотовый;Мой;
15.02.2014;-1 000,00р. ;Авто;Бензин;
16.02.2014;-55,00р. ;Еда;Магазин;
16.02.2014;-185,00р. ;Еда;Магазин;
16.02.2014;-106,00р. ;Еда;Магазин;
16.02.2014;-636,00р. ;Еда;Магазин;
17.02.2014;-45,00р. ;Еда;Перекус;
17.02.2014;-282,00р. ;Еда;Обед;
17.02.2014;-207,00р. ;Еда;Перекус;
17.02.2014;-474,00р. ;Еда;Магазин;
18.02.2014;-222,00р. ;Еда;Обед;
19.02.2014;-100,00р. ;Проезд;Городской;
19.02.2014;-130,00р. ;Прочее;Прочее;
19.02.2014;-235,00р. ;Еда;Обед;
19.02.2014;-80,00р. ;Проезд;Городской;
20.02.2014;-50,00р. ;Проезд;Городской;
20.02.2014;-297,00р. ;Еда;Обед;
20.02.2014;-253,00р. ;Еда;Магазин;
20.02.2014;-40,00р. ;Проезд;Городской;
21.02.2014;-50,00р. ;Проезд;Городской;
21.02.2014;-288,00р. ;Еда;Обед;
21.02.2014;-40,00р. ;Проезд;Городской;
21.02.2014;-771,00р. ;Еда;Магазин;
23.02.2014;-2 200,00р. ;Посиделки;Кафе;
23.02.2014;-80,00р. ;Проезд;Городской;
23.02.2014;-30,00р. ;Проезд;Маршрутка;
23.02.2014;-40,00р. ;Проезд;Городской;
24.02.2014;-50,00р. ;Проезд;Городской;
24.02.2014; 30 000,00р. ;Income;Зарплата;
24.02.2014;-40,00р. ;Проезд;Городской;
24.02.2014;-100,00р. ;Проезд;Городской;
24.02.2014;-201,00р. ;Сотовый;Мой;
25.02.2014;-50,00р. ;Проезд;Городской;
25.02.2014;-285,00р. ;Еда;Обед;
25.02.2014;-40,00р. ;Проезд;Городской;
26.02.2014;-50,00р. ;Проезд;Городской;
26.02.2014;-176,00р. ;Еда;Перекус;
26.02.2014;-40,00р. ;Проезд;Городской;
26.02.2014;-33 200,00р. ;Авто;Ремонт;
27.02.2014;-415,00р. ;Еда;Обед;
27.02.2014;-1 000,00р. ;Авто;Бензин;
28.02.2014;-45,00р. ;Еда;Перекус;
28.02.2014;-305,00р. ;Еда;Обед;
02.03.2014;-550,00р. ;Еда;Магазин;
03.03.2014;-45,00р. ;Еда;Перекус;
03.03.2014;-250,00р. ;Еда;Обед;
03.03.2014;-497,00р. ;Еда;Магазин;
04.03.2014;-1 000,00р. ;Авто;Бензин;
04.03.2014;-250,00р. ;Еда;Обед;
05.03.2014;-250,00р. ;Еда;Обед;
05.03.2014;-203,00р. ;Еда;Перекус;
05.03.2014; 60 000,00р. ;Income;Зарплата;
06.03.2014;-50,00р. ;Проезд;Городской;
06.03.2014;-275,00р. ;Еда;Обед;
06.03.2014;-40,00р. ;Проезд;Городской;
07.03.2014;-40,00р. ;Проезд;Городской;
07.03.2014;-100,00р. ;Проезд;Городской;
07.03.2014;-200,00р. ;Сотовый;Мой;
07.03.2014;-260,00р. ;Еда;Обед;
07.03.2014;-900,00р. ;Прочее;Прочее;8 марта
08.03.2014;-500,00р. ;Квартплата;Другое;
08.03.2014;-1 400,00р. ;Еда;Магазин;
08.03.2014;-318,00р. ;Еда;Магазин;
11.03.2014;-500,00р. ;Авто;Бензин;
11.03.2014;-272,00р. ;Еда;Обед;
12.03.2014;-183,00р. ;Еда;Магазин;
12.03.2014;-267,00р. ;Еда;Обед;
12.03.2014;-735,00р. ;Еда;Магазин;
13.03.2014;-250,00р. ;Еда;Обед;
13.03.2014;-1 500,00р. ;Авто;Бензин;
13.03.2014;-300,00р. ;Авто;Мойка;
13.03.2014;-240,00р. ;Прочее;Прочее;
14.03.2014;-35,00р. ;Еда;Перекус;
14.03.2014;-317,00р. ;Еда;Обед;
15.03.2014; -1322.00 ;Еда;Магазин;
15.03.2014;-500,00р. ;Еда;Магазин;
15.03.2014;-145,00р. ;Еда;Магазин;
15.03.2014;-31 450,00р. ;Квартплата;Другое;
15.03.2014;-3 500,00р. ;Прочее;Прочее;семинар по йоге
17.03.2014;-4 050,00р. ;Вещи;Техника;
17.03.2014;-250,00р. ;Еда;Обед;
17.03.2014;-45,00р. ;Еда;Перекус;
18.03.2014; 130 060,00р. ;Income;Зарплата;
18.03.2014;-35,00р. ;Еда;Перекус;
18.03.2014;-235,00р. ;Еда;Обед;
19.03.2014;-4 200,00р. ;Вещи;Техника;
19.03.2014;-250,00р. ;Еда;Обед;
19.03.2014;-628,00р. ;Вещи;Техника;
20.03.2014;-275,00р. ;Еда;Обед;
20.03.2014;-1 000,00р. ;Авто;Бензин;
20.03.2014;-1 400,00р. ;Еда;Магазин;
20.03.2014;-2 700,00р. ;Лекарства;Аптека;линзы
20.03.2014;-400,00р. ;Вещи;Техника;книги
20.03.2014; 45 000,00р. ;Income;Зарплата;Оля
21.03.2014;-130,00р. ;Еда;Перекус;
21.03.2014;-2 900,00р. ;Вещи;Техника;
21.03.2014;-258,00р. ;Еда;Обед;
22.03.2014;-41,00р. ;Еда;Магазин;
22.03.2014; -366.00 ;Еда;Магазин;
23.03.2014;-120,00р. ;Еда;Магазин;
24.03.2014;-30,00р. ;Еда;Перекус;
24.03.2014;-262,00р. ;Еда;Обед;
24.03.2014;-96,00р. ;Еда;Перекус;
24.03.2014; -1257.00 ;Лекарства;Аптека;
24.03.2014;-500,00р. ;Еда;Магазин;
25.03.2014;-263,00р. ;Еда;Обед;
25.03.2014;-1 055,00р. ;Вещи;Техника;али
25.03.2014;-113,00р. ;Сотовый;Мой;
25.03.2014;-1 000,00р. ;Авто;Бензин;
25.03.2014;-2 400,00р. ;Вещи;Одежда;mothercare
26.03.2014;-250,00р. ;Еда;Обед;
26.03.2014; -180.5 ;Еда;Магазин;
26.03.2014;-110,00р. ;Еда;Магазин;
27.03.2014;-295,00р. ;Еда;Обед;
27.03.2014; -389.5 ;Еда;Магазин;
28.03.2014;-295,00р. ;Еда;Обед;
30.03.2014;-31 400,00р. ;Квартплата;Другое;
30.03.2014;-1 825,00р. ;Еда;Магазин;
30.03.2014;-1 000,00р. ;Авто;Бензин;
31.03.2014;-267,00р. ;Еда;Обед;
31.03.2014;-128,00р. ;Еда;Перекус;
31.03.2014;-130,00р. ;Сотовый;Мой;
31.03.2014;-300,00р. ;Лекарства;Аптека;
01.04.2014;-285,00р. ;Еда;Обед;
01.04.2014;-213,00р. ;Еда;Магазин;
02.04.2014;-317,00р. ;Еда;Обед;
02.04.2014; 80 060,00р. ;Income;Зарплата;
02.04.2014;-616,00р. ;Еда;Магазин;
03.04.2014;-293,00р. ;Еда;Обед;
03.04.2014;-4 100,00р. ;Вещи;Техника;жёсткий
03.04.2014;-1 450,00р. ;Прочее;Прочее;
03.04.2014;-1 000,00р. ;Авто;Бензин;
04.04.2014;-30,00р. ;Еда;Перекус;
04.04.2014;-289,00р. ;Еда;Обед;
04.04.2014;-53,00р. ;Еда;Перекус;
04.04.2014;-222,00р. ;Еда;Магазин;
05.04.2014; -435.00 ;Еда;Магазин;
06.04.2014;-1 000,00р. ;Прочее;Прочее;
06.04.2014;-200,00р. ;Прочее;Прочее;
06.04.2014;-1 000,00р. ;Вещи;Техника;ножницы
06.04.2014; -2050.00 ;Посиделки;Кафе;
06.04.2014; -223.00 ;Еда;Магазин;
07.04.2014;-268,00р. ;Еда;Обед;
07.04.2014;-110,00р. ;Еда;Перекус;
07.04.2014;-200,00р. ;Прочее;Прочее;смс банк
07.04.2014;-500,00р. ;Квартплата;Другое;инет
07.04.2014;-1 000,00р. ;Авто;Бензин;
08.04.2014;-283,00р. ;Еда;Обед;
08.04.2014;-741,00р. ;Еда;Магазин;
09.04.2014;-331,00р. ;Еда;Обед;
09.04.2014;-283,00р. ;Еда;Магазин;
09.04.2014;-8 000,00р. ;Прочее;Прочее;подарки роддом
09.04.2014;-286,00р. ;Еда;Магазин;
10.04.2014;-30,00р. ;Еда;Перекус;
10.04.2014;-345,00р. ;Еда;Обед;
10.04.2014;-868,00р. ;Лекарства;Аптека;
11.04.2014;-30,00р. ;Еда;Перекус;
11.04.2014;-311,00р. ;Еда;Обед;
11.04.2014; -162.00 ;Еда;Перекус;
11.04.2014;-1 000,00р. ;Авто;Бензин;
12.04.2014; -1168.00 ;Еда;Магазин;
12.04.2014;-2 030,00р. ;Прочее;Прочее;тележка
12.04.2014;-400,00р. ;Прочее;Прочее;
12.04.2014;-2 000,00р. ;Прочее;Прочее;салон
12.04.2014; -320.5 ;Еда;Магазин;
12.04.2014;-306,00р. ;Прочее;Прочее;
12.04.2014;-60,00р. ;Авто;Парковка;парковка
12.04.2014;-7 000,00р. ;Прочее;Прочее;помощь
14.04.2014;-289,00р. ;Еда;Обед;
14.04.2014;-132,00р. ;Еда;Перекус;
14.04.2014;-719,00р. ;Еда;Магазин;
15.04.2014;-237,00р. ;Еда;Обед;
16.04.2014;-332,00р. ;Еда;Обед;
16.04.2014;-1 500,00р. ;Авто;Бензин;
16.04.2014;-717,00р. ;Еда;Магазин;
16.04.2014; 40 000,00р. ;Income;Зарплата;
17.04.2014;-30,00р. ;Еда;Перекус;
17.04.2014;-285,00р. ;Еда;Обед;
18.04.2014;-340,00р. ;Еда;Обед;
18.04.2014;-31,00р. ;Еда;Перекус;
18.04.2014;-30,00р. ;Еда;Перекус;
18.04.2014;-300,00р. ;Сотовый;Другой;
18.04.2014;-650,00р. ;Еда;Магазин;
18.04.2014;-250,00р. ;Проезд;Городской;
18.04.2014; -450.00 ;Сотовый;Другой;
18.04.2014;-18,00р. ;Еда;Магазин;
19.04.2014;-11 000,00р. ;Вещи;Техника;пылесос
19.04.2014;-700,00р. ;Прочее;Прочее;бассейн
19.04.2014;-117,00р. ;Еда;Магазин;
19.04.2014;-130,00р. ;Еда;Магазин;
20.04.2014;-300,00р. ;Прочее;Прочее;др
20.04.2014;-68,00р. ;Еда;Магазин;
21.04.2014;-312,00р. ;Еда;Обед;
21.04.2014;-200,00р. ;Сотовый;Мой;
21.04.2014;-300,00р. ;Авто;Мойка;
22.04.2014;-30,00р. ;Еда;Перекус;
22.04.2014;-250,00р. ;Еда;Обед;
23.04.2014;-30,00р. ;Еда;Перекус;
23.04.2014;-250,00р. ;Еда;Обед;
23.04.2014;-1 000,00р. ;Авто;Бензин;
23.04.2014;-500,00р. ;Еда;Магазин;
23.04.2014;-2 340,00р. ;Вещи;Одежда;
24.04.2014;-327,00р. ;Еда;Обед;
25.04.2014;-272,00р. ;Еда;Обед;
25.04.2014;-153,00р. ;Еда;Магазин;
25.04.2014;-350,00р. ;Еда;Магазин;
26.04.2014;-1 066,00р. ;Еда;Магазин;
27.04.2014;-30 600,00р. ;Квартплата;Другое;
28.04.2014;-40,00р. ;Еда;Перекус;
28.04.2014;-292,00р. ;Еда;Обед;
28.04.2014;-120,00р. ;Еда;Перекус;
28.04.2014;-1 000,00р. ;Авто;Бензин;
28.04.2014; -1180.00 ;Еда;Магазин;
29.04.2014;-2 730,00р. ;Прочее;Прочее;хостинг
29.04.2014;-332,00р. ;Еда;Обед;
29.04.2014;-63,00р. ;Еда;Перекус;
29.04.2014; 80 060,00р. ;Income;Зарплата;
30.04.2014;-30,00р. ;Еда;Перекус;
30.04.2014;-278,00р. ;Еда;Обед;
30.04.2014;-122,00р. ;Сотовый;Мой;
30.04.2014;-25 250,00р. ;Вещи;Техника;соковыжималка
30.04.2014; -1292.00 ;Еда;Магазин;
30.04.2014;-2 880,00р. ;Вещи;Одежда;
30.04.2014; 42 450,00р. ;Income;Зарплата;Оля
30.04.2014;-750,00р. ;Прочее;Прочее;салон красоты
01.05.2014;-1 067,00р. ;Еда;Магазин;
02.05.2014;-9 038,00р. ;Ребёнок;Вещи;детские
02.05.2014;-1 000,00р. ;Авто;Бензин;
03.05.2014;-1 052,00р. ;Еда;Магазин;
03.05.2014;-300,00р. ;Сотовый;Другой;
04.05.2014;-470,00р. ;Еда;Магазин;
04.05.2014;-4 500,00р. ;Посиделки;Кафе;др Оли
05.05.2014;-250,00р. ;Еда;Обед;
05.05.2014;-50,00р. ;Еда;Магазин;
05.05.2014;-130,00р. ;Лекарства;Аптека;
05.05.2014;-830,00р. ;Еда;Магазин;
05.05.2014; 10 208,00р. ;Income;Зарплата;Оля
06.05.2014;-30,00р. ;Еда;Перекус;
06.05.2014;-250,00р. ;Еда;Обед;
06.05.2014;-1 000,00р. ;Авто;Бензин;
07.05.2014;-40,00р. ;Еда;Перекус;
07.05.2014;-250,00р. ;Еда;Обед;
07.05.2014;-1 400,00р. ;Еда;Магазин;
08.05.2014;-20,00р. ;Лекарства;Аптека;
08.05.2014;-260,00р. ;Еда;Магазин;
08.05.2014;-300,00р. ;Сотовый;Другой;
10.05.2014;-75,00р. ;Еда;Магазин;
10.05.2014; -1285.5 ;Еда;Магазин;
10.05.2014;-500,00р. ;Квартплата;Другое;
11.05.2014;-38,00р. ;Еда;Магазин;
11.05.2014;-633,00р. ;Еда;Магазин;
11.05.2014;-107,00р. ;Еда;Магазин;
11.05.2014;-100,00р. ;Проезд;Городской;
12.05.2014;-200,00р. ;Сотовый;Мой;
12.05.2014;-331,00р. ;Еда;Обед;
12.05.2014;-146,00р. ;Еда;Перекус;
12.05.2014;-30,00р. ;Еда;Перекус;
12.05.2014;-1 000,00р. ;Авто;Бензин;
13.05.2014;-242,00р. ;Еда;Обед;
13.05.2014; -1314.00 ;Еда;Магазин;
13.05.2014;-556,00р. ;Лекарства;Аптека;
14.05.2014;-267,00р. ;Еда;Обед;
14.05.2014; 40 000,00р. ;Income;Зарплата;
15.05.2014;-340,00р. ;Еда;Обед;
15.05.2014;-50,00р. ;Еда;Перекус;
15.05.2014;-1 800,00р. ;Посиделки;Кафе;
15.05.2014;-80,00р. ;Проезд;Городской;
15.05.2014;-40,00р. ;Проезд;Городской;
15.05.2014;-100,00р. ;Проезд;Городской;
15.05.2014;-1 000,00р. ;Лекарства;Аптека;
15.05.2014;-368,00р. ;Еда;Магазин;
15.05.2014;-250,00р. ;Проезд;Городской;
15.05.2014;-150,00р. ;Еда;Магазин;
16.05.2014;-283,00р. ;Еда;Обед;
16.05.2014; -510.5 ;Еда;Магазин;
17.05.2014;-1 700,00р. ;Еда;Магазин;
17.05.2014;-250,00р. ;Авто;Парковка;парковка
17.05.2014; -717.00 ;Еда;Магазин;
18.05.2014;-2 300,00р. ;Посиделки;Кафе;
18.05.2014;-1 300,00р. ;Прочее;Прочее;ярмарка
18.05.2014;-150,00р. ;Прочее;Прочее;велорикша
18.05.2014;-1 000,00р. ;Авто;Бензин;
18.05.2014;-250,00р. ;Авто;Парковка;
19.05.2014;-1 195,00р. ;Еда;Магазин;
20.05.2014;-295,00р. ;Еда;Обед;
20.05.2014;-30,00р. ;Еда;Перекус;
20.05.2014;-345,00р. ;Еда;Магазин;
20.05.2014;-300,00р. ;Сотовый;Мой;
21.05.2014;-283,00р. ;Еда;Обед;
21.05.2014;-217,00р. ;Еда;Магазин;
21.05.2014;-1 000,00р. ;Авто;Бензин;
21.05.2014;-380,00р. ;Еда;Магазин;
22.05.2014;-320,00р. ;Еда;Обед;
22.05.2014;-152,00р. ;Еда;Перекус;
22.05.2014;-360,00р. ;Еда;Магазин;
22.05.2014;-331,00р. ;Лекарства;Аптека;
22.05.2014;-600,00р. ;Прочее;Прочее;салон красоты
23.05.2014;-290,00р. ;Еда;Обед;
23.05.2014; -489.5 ;Вещи;Техника;али дисплеи
23.05.2014;-428,00р. ;Еда;Магазин;
23.05.2014;-2 920,00р. ;Вещи;Одежда;коврик йога
23.05.2014;-300,00р. ;Сотовый;Другой;
23.05.2014;-2 228,00р. ;Вещи;Одежда;
23.05.2014;-2 500,00р. ;Ребёнок;Вещи;
24.05.2014;-3 950,00р. ;Ребёнок;Вещи;
24.05.2014;-10 980,00р. ;Посиделки;Кафе;
25.05.2014;-4 540,00р. ;Вещи;Одежда;
25.05.2014;-50,00р. ;Еда;Магазин;
25.05.2014;-291,00р. ;Еда;Магазин;
25.05.2014;-267,00р. ;Еда;Магазин;
25.05.2014; -116.5 ;Еда;Магазин;
25.05.2014;-170,00р. ;Еда;Магазин;
25.05.2014;-444,00р. ;Еда;Магазин;
26.05.2014;-1 000,00р. ;Авто;Бензин;
26.05.2014;-264,00р. ;Еда;Обед;
26.05.2014;-200,00р. ;Еда;Магазин;
27.05.2014;-80,00р. ;Проезд;Городской;
27.05.2014;-341,00р. ;Еда;Перекус;
27.05.2014; 30 000,00р. ;Income;Премия;
27.05.2014;-1 600,00р. ;Прочее;Прочее;салон красоты
27.05.2014;-434,00р. ;Еда;Магазин;
28.05.2014;-268,00р. ;Еда;Обед;
28.05.2014;-331,00р. ;Еда;Магазин;
29.05.2014;-268,00р. ;Еда;Обед;
29.05.2014;-26 700,00р. ;Авто;Запчасти;
29.05.2014;-1 000,00р. ;Авто;Бензин;
29.05.2014;-568,00р. ;Еда;Магазин;
29.05.2014;-860,00р. ;Прочее;Прочее;цветы
30.05.2014;-30,00р. ;Еда;Перекус;
30.05.2014;-335,00р. ;Еда;Обед;
30.05.2014; -1196.00 ;Еда;Магазин;
31.05.2014;-350,00р. ;Авто;Ремонт;
31.05.2014;-221,00р. ;Еда;Магазин;
31.05.2014;-160,00р. ;Еда;Магазин;
01.06.2014;-150,00р. ;Сотовый;Мой;
01.06.2014;-650,00р. ;Вещи;Одежда;
01.06.2014;-1 100,00р. ;Прочее;Прочее;
01.06.2014;-182,00р. ;Еда;Магазин;
02.06.2014;-40,00р. ;Еда;Перекус;
02.06.2014;-285,00р. ;Еда;Обед;
02.06.2014;-168,00р. ;Еда;Перекус;
02.06.2014;-63,00р. ;Вещи;Техника;ft232rl
02.06.2014;-377,00р. ;Вещи;Техника;ebay thermo
02.06.2014;-1 150,00р. ;Авто;Бензин;
02.06.2014;-291,00р. ;Еда;Магазин;
02.06.2014;-60,00р. ;Проезд;Городской;
02.06.2014;-300,00р. ;Сотовый;Другой;
03.06.2014;-3 967,00р. ;Вещи;Техника;ибей паяльник
03.06.2014;-293,00р. ;Еда;Обед;
03.06.2014; -471.5 ;Еда;Магазин;
04.06.2014;-275,00р. ;Еда;Обед;
04.06.2014;-228,00р. ;Еда;Перекус;
04.06.2014; -645.00 ;Еда;Магазин;
05.06.2014;-282,00р. ;Еда;Обед;
05.06.2014;-32 000,00р. ;Квартплата;Другое;
05.06.2014; -212.5 ;Еда;Магазин;
06.06.2014; 80 060,00р. ;Income;Зарплата;
06.06.2014;-333,00р. ;Еда;Обед;
06.06.2014;-300,00р. ;Сотовый;Мой;
06.06.2014;-1 000,00р. ;Авто;Бензин;
06.06.2014;-1 000,00р. ;Прочее;Прочее;салон красоты
06.06.2014;-244,00р. ;Еда;Магазин;
06.06.2014;-250,00р. ;Еда;Магазин;
06.06.2014;-300,00р. ;Сотовый;Другой;
07.06.2014;-603,00р. ;Еда;Магазин;
07.06.2014; -644.00 ;Еда;Магазин;
07.06.2014;-550,00р. ;Прочее;Прочее;
07.06.2014;-2 710,00р. ;Вещи;Техника;магнитола
07.06.2014;-298,00р. ;Вещи;Одежда;носки
07.06.2014;-2 000,00р. ;Прочее;Прочее;семинар по йоге
08.06.2014;-130,00р. ;Еда;Магазин;
08.06.2014; -634.00 ;Еда;Магазин;
09.06.2014;-30,00р. ;Еда;Перекус;
09.06.2014;-344,00р. ;Еда;Обед;
09.06.2014;-122,00р. ;Еда;Перекус;
09.06.2014;-500,00р. ;Квартплата;Другое;интернет
09.06.2014;-470,00р. ;Прочее;Прочее;сервер
09.06.2014;-710,00р. ;Еда;Магазин;
09.06.2014;-850,00р. ;Лекарства;Аптека;
10.06.2014;-1 000,00р. ;Авто;Бензин;
10.06.2014;-277,00р. ;Еда;Обед;
10.06.2014;-150,00р. ;Посиделки;Другое;
10.06.2014;-1 120,00р. ;Еда;Магазин;
11.06.2014;-73,00р. ;Вещи;Техника;плата смд
11.06.2014;-132,00р. ;Вещи;Техника;моторчики
11.06.2014;-285,00р. ;Еда;Обед;
11.06.2014;-64,00р. ;Еда;Перекус;
11.06.2014;-560,00р. ;Еда;Магазин;
11.06.2014;-183,00р. ;Еда;Магазин;
12.06.2014;-909,00р. ;Еда;Магазин;
12.06.2014;-3 350,00р. ;Ребёнок;Вещи;
12.06.2014;-1 680,00р. ;Прочее;Прочее;хостинг
13.06.2014;-418,00р. ;Еда;Магазин;
13.06.2014;-104,00р. ;Лекарства;Аптека;
13.06.2014;-380,00р. ;Еда;Магазин;
13.06.2014;-373,00р. ;Еда;Магазин;
14.06.2014;-500,00р. ;Еда;Магазин;
14.06.2014; -210.00 ;Вещи;Техника;коробки
15.06.2014;-1 600,00р. ;Еда;Магазин;
15.06.2014;-300,00р. ;Сотовый;Другой;
16.06.2014;-1 000,00р. ;Авто;Бензин;
16.06.2014;-120,00р. ;Еда;Магазин;
16.06.2014;-132,00р. ;Еда;Магазин;
16.06.2014;-85,00р. ;Еда;Магазин;
16.06.2014; -128.00 ;Еда;Магазин;
17.06.2014;-310,00р. ;Лекарства;Аптека;
17.06.2014; 40 000,00р. ;Income;Зарплата;
17.06.2014; -1992.00 ;Еда;Магазин;
17.06.2014;-745,00р. ;Еда;Магазин;
18.06.2014;-667,00р. ;Еда;Магазин;
20.06.2014;-1 834,00р. ;Еда;Магазин;
20.06.2014;-4 919,00р. ;Лекарства;Аптека;линзы
21.06.2014;-509,00р. ;Еда;Магазин;
22.06.2014;-300,00р. ;Сотовый;Мой;
22.06.2014; -130.5 ;Лекарства;Аптека;
22.06.2014;-173,00р. ;Еда;Магазин;
22.06.2014;-2 500,00р. ;Прочее;Прочее;салон красоты
23.06.2014;-1 000,00р. ;Авто;Бензин;
23.06.2014;-223,00р. ;Еда;Магазин;
23.06.2014;-400,00р. ;Лекарства;Аптека;
24.06.2014;-818,00р. ;Лекарства;Аптека;
25.06.2014;-6 670,00р. ;Вещи;Одежда;
25.06.2014;-388,00р. ;Еда;Магазин;
25.06.2014;-443,00р. ;Еда;Магазин;
25.06.2014; -597.00 ;Еда;Магазин;
26.06.2014;-508,00р. ;Еда;Магазин;
27.06.2014;-1 000,00р. ;Авто;Бензин;
27.06.2014;-442,00р. ;Еда;Магазин;
27.06.2014;-70 000,00р. ;Ремонт;Ремонт;кондиционер
27.06.2014;-36,00р. ;Еда;Магазин;
28.06.2014;-8 200,00р. ;Ремонт;Ремонт;переезд
29.06.2014; -2190.00 ;Посиделки;Кафе;
29.06.2014;-200,00р. ;Еда;Магазин;
29.06.2014;-1 550,00р. ;Квартплата;Другое;
29.06.2014;-645,00р. ;Еда;Магазин;
29.06.2014;-200,00р. ;Вещи;Техника;батарейки
29.06.2014;-2 010,00р. ;Еда;Магазин;
30.06.2014;-30,00р. ;Еда;Перекус;
30.06.2014;-300,00р. ;Сотовый;Мой;
30.06.2014;-324,00р. ;Еда;Обед;
30.06.2014;-92,00р. ;Еда;Перекус;
30.06.2014;-1 000,00р. ;Авто;Бензин;
30.06.2014; 80 060,00р. ;Income;Зарплата;
01.07.2014;-700,00р. ;Квартплата;Другое;интернет
01.07.2014; -650.00 ;Еда;Магазин;
01.07.2014;-655,00р. ;Лекарства;Аптека;
01.07.2014;-211,00р. ;Еда;Магазин;
02.07.2014; 50 000,00р. ;Income;Премия;
02.07.2014;-280,00р. ;Еда;Обед;
02.07.2014;-84,00р. ;Авто;Парковка;
03.07.2014;-272,00р. ;Еда;Обед;
03.07.2014;-1 000,00р. ;Авто;Бензин;
03.07.2014;-640,00р. ;Авто;Мойка;
03.07.2014;-3 230,00р. ;Прочее;Прочее;коньяк
03.07.2014;-4 100,00р. ;Прочее;Прочее;цветы
03.07.2014;-2 000,00р. ;Прочее;Прочее;подарки роддом
03.07.2014;-1 101,00р. ;Лекарства;Аптека;
03.07.2014;-20 000,00р. ;Прочее;Прочее;подарки роддом
04.07.2014;-277,00р. ;Еда;Обед;
04.07.2014; -892.00 ;Еда;Магазин;
05.07.2014;-1 580,00р. ;Ребёнок;Вещи;
05.07.2014;-398,00р. ;Еда;Магазин;
06.07.2014;-236,00р. ;Еда;Магазин;
07.07.2014;-291,00р. ;Еда;Обед;
07.07.2014;-3 000,00р. ;Авто;Штрафы;
07.07.2014;-268,00р. ;Еда;Магазин;
07.07.2014;-2 000,00р. ;Еда;Магазин;
07.07.2014;-3 000,00р. ;Прочее;Прочее;билеты в мордовию
07.07.2014;-3 030,00р. ;Авто;Штрафы;
07.07.2014;-505,00р. ;Авто;Штрафы;
07.07.2014;-505,00р. ;Авто;Штрафы;
07.07.2014;-505,00р. ;Авто;Штрафы;
07.07.2014;-2 130,00р. ;Ребёнок;Вещи;
08.07.2014;-30,00р. ;Еда;Перекус;
08.07.2014;-377,00р. ;Вещи;Техника;ибей
08.07.2014;-251,00р. ;Еда;Обед;
09.07.2014;-30,00р. ;Еда;Перекус;
09.07.2014;-270,00р. ;Еда;Обед;
09.07.2014;-320,00р. ;Еда;Магазин;
10.07.2014;-35,00р. ;Еда;Перекус;
10.07.2014;-300,00р. ;Сотовый;Другой;
10.07.2014;-310,00р. ;Еда;Магазин;
10.07.2014;-1 000,00р. ;Авто;Бензин;
10.07.2014;-544,00р. ;Еда;Магазин;
11.07.2014;-314,00р. ;Еда;Обед;
12.07.2014; -13100.00 ;Ребёнок;Вещи;
12.07.2014;-1 000,00р. ;Еда;Магазин;
12.07.2014;-310,00р. ;Лекарства;Аптека;
13.07.2014;-762,00р. ;Еда;Магазин;
13.07.2014; -6.5 ;Лекарства;Аптека;
13.07.2014;-780,00р. ;Еда;Магазин;
14.07.2014;-35,00р. ;Еда;Перекус;
14.07.2014;-282,00р. ;Еда;Обед;
14.07.2014;-1 806,00р. ;Вещи;Техника;ибей
14.07.2014; -288.5 ;Еда;Магазин;
15.07.2014;-214,00р. ;Еда;Обед;
15.07.2014;-61,00р. ;Еда;Перекус;
15.07.2014; 40 000,00р. ;Income;Зарплата;
15.07.2014;-165,00р. ;Еда;Магазин;
15.07.2014;-2 650,00р. ;Ребёнок;Вещи;
15.07.2014;-300,00р. ;Сотовый;Другой;
16.07.2014;-500,00р. ;Сотовый;Мой;
16.07.2014;-160,00р. ;Проезд;Городской;
16.07.2014;-265,00р. ;Еда;Обед;
16.07.2014;-63,00р. ;Еда;Перекус;
17.07.2014;-50,00р. ;Проезд;Городской;
17.07.2014;-275,00р. ;Еда;Обед;
17.07.2014;-21 800,00р. ;Авто;Ремонт;
17.07.2014;-1 000,00р. ;Авто;Бензин;
17.07.2014;-142,00р. ;Лекарства;Аптека;
17.07.2014;-1 238,00р. ;Еда;Магазин;
17.07.2014;-600,00р. ;Сотовый;Другой;
18.07.2014;-30,00р. ;Еда;Перекус;
18.07.2014;-331,00р. ;Еда;Обед;
19.07.2014;-847,00р. ;Еда;Магазин;
20.07.2014;-600,00р. ;Прочее;Прочее;инет
20.07.2014; -1234.50 ;Еда;Магазин;
20.07.2014;-3 200,00р. ;Прочее;Прочее;билеты в мордовию
21.07.2014;-331,00р. ;Еда;Обед;
21.07.2014;-1 906,00р. ;Ребёнок;Вещи;
21.07.2014;-670,00р. ;Еда;Магазин;
22.07.2014;-30,00р. ;Еда;Перекус;
22.07.2014;-236,00р. ;Еда;Обед;
22.07.2014;-709,00р. ;Еда;Магазин;
23.07.2014;-1 000,00р. ;Авто;Бензин;
23.07.2014;-261,00р. ;Еда;Обед;
23.07.2014;-806,00р. ;Еда;Магазин;
24.07.2014;-335,00р. ;Еда;Обед;
24.07.2014;-165,00р. ;Еда;Магазин;
24.07.2014;-746,00р. ;Вещи;Техника;chip&dip
25.07.2014;-315,00р. ;Еда;Обед;
25.07.2014;-860,00р. ;Вещи;Техника;chip&dip
25.07.2014;-2 600,00р. ;Еда;Магазин;
25.07.2014;-250,00р. ;Лекарства;Аптека;
25.07.2014;-650,00р. ;Ребёнок;Вещи;
27.07.2014;-2 400,00р. ;Ребёнок;Вещи;
27.07.2014;-100,00р. ;Авто;Парковка;
28.07.2014;-500,00р. ;Квартплата;Другое;интернет
28.07.2014;-30,00р. ;Еда;Перекус;
28.07.2014;-296,00р. ;Еда;Обед;
28.07.2014;-1 000,00р. ;Авто;Бензин;
29.07.2014;-300,00р. ;Сотовый;Другой;
29.07.2014;-324,00р. ;Еда;Обед;
29.07.2014;-343,00р. ;Еда;Магазин;
29.07.2014; -293.5 ;Еда;Магазин;
29.07.2014;-3 000,00р. ;Еда;Магазин;
30.07.2014;-30,00р. ;Еда;Перекус;
30.07.2014;-251,00р. ;Еда;Обед;
30.07.2014;-62,00р. ;Еда;Магазин;
30.07.2014;-9,00р. ;Лекарства;Аптека;
31.07.2014;-30,00р. ;Еда;Перекус;
31.07.2014;-290,00р. ;Еда;Обед;
31.07.2014;-1 214,00р. ;Еда;Магазин;
31.07.2014;-2 450,00р. ;Ребёнок;Вещи;
01.08.2014;-35,00р. ;Еда;Перекус;
01.08.2014;-250,00р. ;Еда;Обед;
01.08.2014; 74 840,00р. ;Income;Зарплата;
02.08.2014; -678.00 ;Еда;Магазин;
02.08.2014; -1182.00 ;Ребёнок;Вещи;
03.08.2014;-1 244,00р. ;Еда;Магазин;
04.08.2014;-1 000,00р. ;Авто;Бензин;
04.08.2014;-35,00р. ;Еда;Перекус;
04.08.2014;-155,00р. ;Еда;Перекус;
04.08.2014;-300,00р. ;Еда;Обед;
04.08.2014;-1 600,00р. ;Ребёнок;Вещи;
05.08.2014;-374,00р. ;Еда;Обед;
05.08.2014;-30,00р. ;Еда;Перекус;
05.08.2014;-800,00р. ;Авто;Документы;
05.08.2014;-600,00р. ;Авто;Запчасти;
05.08.2014; -7392.00 ;Авто;Документы;Страховка
05.08.2014;-1 100,00р. ;Еда;Магазин;
05.08.2014;-2 100,00р. ;Ребёнок;Вещи;
05.08.2014;-873,00р. ;Еда;Магазин;
06.08.2014;-280,00р. ;Еда;Обед;
07.08.2014;-298,00р. ;Еда;Обед;
07.08.2014;-692,00р. ;Еда;Магазин;
07.08.2014;-1 279,00р. ;Лекарства;Аптека;
08.08.2014;-309,00р. ;Еда;Обед;
08.08.2014;-65,00р. ;Еда;Перекус;
08.08.2014;-1 000,00р. ;Авто;Бензин;
08.08.2014;-600,00р. ;Проезд;Такси;
08.08.2014;-100,00р. ;Лекарства;Аптека;
09.08.2014;-6 463,00р. ;Квартплата;Мама;
09.08.2014;-2 592,00р. ;Квартплата;Мама;
10.08.2014; -517.00 ;Еда;Магазин;
10.08.2014;-1 007,00р. ;Еда;Магазин;
11.08.2014;-256,00р. ;Еда;Обед;
11.08.2014;-57,00р. ;Еда;Перекус;
11.08.2014;-175,00р. ;Еда;Магазин;
12.08.2014;-261,00р. ;Еда;Обед;
12.08.2014;-119,00р. ;Еда;Магазин;
13.08.2014;-295,00р. ;Еда;Обед;
13.08.2014;-250,00р. ;Авто;Ремонт;
13.08.2014;-1 266,00р. ;Еда;Магазин;
13.08.2014;-2 000,00р. ;Ребёнок;Вещи;
13.08.2014;-600,00р. ;Сотовый;Другой;
14.08.2014;-35,00р. ;Еда;Перекус;
14.08.2014;-300,00р. ;Сотовый;Мой;
14.08.2014;-265,00р. ;Еда;Обед;
14.08.2014;-450,00р. ;Прочее;Прочее;
14.08.2014;-172,00р. ;Еда;Магазин;
15.08.2014;-150,00р. ;Прочее;Прочее;ксерокопии
15.08.2014;-299,00р. ;Еда;Обед;
15.08.2014;-65,00р. ;Еда;Перекус;
15.08.2014; 40 000,00р. ;Income;Зарплата;
15.08.2014;-1 000,00р. ;Авто;Бензин;
16.08.2014;-1 578,00р. ;Еда;Магазин;
18.08.2014;-305,00р. ;Еда;Обед;
18.08.2014;-349,00р. ;Еда;Магазин;
18.08.2014;-2 200,00р. ;Ребёнок;Вещи;
19.08.2014;-35,00р. ;Еда;Перекус;
19.08.2014;-320,00р. ;Еда;Обед;
19.08.2014;-80,00р. ;Еда;Магазин;
20.08.2014;-282,00р. ;Еда;Обед;
20.08.2014; -736.5 ;Еда;Магазин;
21.08.2014;-1 000,00р. ;Авто;Бензин;
21.08.2014;-35,00р. ;Еда;Перекус;
21.08.2014;-283,00р. ;Вещи;Техника;ибей
21.08.2014;-297,00р. ;Вещи;Техника;ибей
21.08.2014;-379,00р. ;Вещи;Техника;ибей
21.08.2014;-260,00р. ;Вещи;Техника;ибей
22.08.2014;-281,00р. ;Еда;Обед;
22.08.2014;-71,00р. ;Еда;Перекус;
23.08.2014;-2 316,00р. ;Еда;Магазин;
23.08.2014; -915.5 ;Вещи;Техника;тиксер
23.08.2014;-1 100,00р. ;Еда;Магазин;
25.08.2014;-508,00р. ;Вещи;Техника;ибей
25.08.2014;-300,00р. ;Сотовый;Другой;
25.08.2014;-1 700,00р. ;Еда;Магазин;
25.08.2014;-261,00р. ;Еда;Обед;
25.08.2014;-1 515,00р. ;Авто;Штрафы;
25.08.2014;-890,00р. ;Еда;Магазин;
25.08.2014;-1 100,00р. ;Ребёнок;Вещи;
26.08.2014;-35,00р. ;Еда;Перекус;
26.08.2014;-264,00р. ;Еда;Обед;
26.08.2014;-5 300,00р. ;Ребёнок;Вещи;
27.08.2014;-1 000,00р. ;Авто;Бензин;
27.08.2014;-500,00р. ;Квартплата;Другое;интернет
27.08.2014;-40,00р. ;Еда;Перекус;
27.08.2014;-293,00р. ;Еда;Обед;
27.08.2014;-58,00р. ;Еда;Перекус;
27.08.2014;-4 500,00р. ;Ребёнок;Вещи;
28.08.2014;-302,00р. ;Еда;Обед;
28.08.2014;-1 479,00р. ;Еда;Магазин;
28.08.2014;-479,00р. ;Лекарства;Аптека;жидкость для линз
29.08.2014;-35,00р. ;Проезд;Маршрутка;
29.08.2014;-40,00р. ;Проезд;Городской;
29.08.2014;-304,00р. ;Еда;Обед;
29.08.2014;-40,00р. ;Еда;Перекус;
29.08.2014;-90,00р. ;Проезд;Городской;
30.08.2014;-500,00р. ;Сотовый;Другой;
30.08.2014;-2 000,00р. ;Ребёнок;Вещи;
30.08.2014;-1 700,00р. ;Ребёнок;Вещи;
30.08.2014;-593,00р. ;Еда;Магазин;
31.08.2014;-312,00р. ;Еда;Магазин;
31.08.2014;-3 186,00р. ;Квартплата;Мама;
01.09.2014;-40,00р. ;Еда;Перекус;
01.09.2014;-300,00р. ;Сотовый;Мой;
01.09.2014;-355,00р. ;Еда;Обед;
01.09.2014;-71,00р. ;Еда;Перекус;
01.09.2014;-615,00р. ;Еда;Магазин;
01.09.2014; 80 060,00р. ;Income;Зарплата;
